

Microchip MPLAB XC8 Assembler V3.00 build 20241204225717 
                                                                                               Tue Jan 20 22:15:01 2026

Microchip MPLAB XC8 C Compiler v3.00 (Free license) build 20241204225717 Og1 
     1                           	processor	16F88
     2                           	pagewidth 120
     3                           	opt	flic
     4                           	psect	idataCOMMON,global,class=CODE,space=0,delta=2,noexec
     5                           	psect	strings,global,class=STRING,space=0,delta=2,noexec
     6                           	psect	cinit,global,class=CODE,space=0,merge=1,delta=2
     7                           	psect	dataCOMMON,global,class=COMMON,space=1,delta=1,noexec
     8                           	psect	bssBANK1,global,class=BANK1,space=1,delta=1,noexec
     9                           	psect	cstackBANK1,global,class=BANK1,space=1,delta=1,noexec
    10                           	psect	cstackCOMMON,global,class=COMMON,space=1,delta=1,noexec
    11                           	psect	cstackBANK0,global,class=BANK0,space=1,delta=1,noexec
    12                           	psect	maintext,global,class=CODE,space=0,split=1,delta=2
    13                           	psect	text1,local,class=CODE,space=0,merge=1,delta=2,group=1
    14                           	psect	text2,local,class=CODE,space=0,merge=1,delta=2,group=2
    15                           	psect	text3,local,class=CODE,space=0,merge=1,delta=2,group=2
    16                           	psect	text4,local,class=CODE,space=0,merge=1,delta=2,group=2
    17                           	psect	text5,local,class=CODE,space=0,merge=1,delta=2,group=1
    18                           	psect	text6,local,class=CODE,space=0,merge=1,delta=2
    19                           	psect	text7,local,class=CODE,space=0,merge=1,delta=2,group=4
    20                           	psect	text8,local,class=CODE,space=0,merge=1,delta=2,group=4
    21                           	psect	text9,local,class=CODE,space=0,merge=1,delta=2,group=3
    22                           	psect	text10,local,class=CODE,space=0,merge=1,delta=2
    23                           	psect	text11,local,class=CODE,space=0,merge=1,delta=2
    24                           	psect	text12,local,class=CODE,space=0,merge=1,delta=2,group=1
    25                           	psect	text13,local,class=CODE,space=0,merge=1,delta=2
    26                           	psect	text14,local,class=CODE,space=0,merge=1,delta=2,group=4
    27                           	psect	text15,local,class=CODE,space=0,merge=1,delta=2
    28                           	psect	text16,local,class=CODE,space=0,merge=1,delta=2,group=4
    29                           	psect	text17,local,class=CODE,space=0,merge=1,delta=2
    30                           	psect	text18,local,class=CODE,space=0,merge=1,delta=2,group=4
    31                           	psect	text19,local,class=CODE,space=0,merge=1,delta=2,group=3
    32                           	psect	text20,local,class=CODE,space=0,merge=1,delta=2,group=1
    33                           	psect	intentry,global,class=CODE,space=0,delta=2
    34                           	psect	idloc,global,abs,ovrld,class=IDLOC,space=5,delta=2,noexec
    35                           	psect	config,global,abs,ovrld,class=CONFIG,space=4,delta=2,noexec
    36                           	dabs	1,0x7E,2
    37     0000                     
    38                           ; Version 2.40
    39                           ; Generated 17/11/2021 GMT
    40                           ; 
    41                           ; Copyright © 2021, Microchip Technology Inc. and its subsidiaries ("Microchip")
    42                           ; All rights reserved.
    43                           ; 
    44                           ; This software is developed by Microchip Technology Inc. and its subsidiaries ("Microch
      +                          ip").
    45                           ; 
    46                           ; Redistribution and use in source and binary forms, with or without modification, are
    47                           ; permitted provided that the following conditions are met:
    48                           ; 
    49                           ;     1. Redistributions of source code must retain the above copyright notice, this lis
      +                          t of
    50                           ;        conditions and the following disclaimer.
    51                           ; 
    52                           ;     2. Redistributions in binary form must reproduce the above copyright notice, this 
      +                          list
    53                           ;        of conditions and the following disclaimer in the documentation and/or other
    54                           ;        materials provided with the distribution. Publication is not required when
    55                           ;        this file is used in an embedded application.
    56                           ; 
    57                           ;     3. Microchip's name may not be used to endorse or promote products derived from th
      +                          is
    58                           ;        software without specific prior written permission.
    59                           ; 
    60                           ; THIS SOFTWARE IS PROVIDED BY MICROCHIP "AS IS" AND ANY EXPRESS OR IMPLIED WARRANTIES,
    61                           ; INCLUDING, BUT NOT LIMITED TO, THE IMPLIED WARRANTIES OF MERCHANTABILITY AND FITNESS F
      +                          OR
    62                           ; PURPOSE ARE DISCLAIMED.  IN NO EVENT SHALL MICROCHIP BE LIABLE FOR ANY DIRECT, INDIREC
      +                          T,
    63                           ; INCIDENTAL, SPECIAL, EXEMPLARY, OR CONSEQUENTIAL DAMAGES (INCLUDING BUT NOT LIMITED TO
    64                           ; PROCUREMENT OF SUBSTITUTE GOODS OR SERVICES; LOSS OF USE, DATA OR PROFITS; OR BUSINESS
    65                           ; INTERRUPTION) HOWSOEVER CAUSED AND ON ANY THEORY OF LIABILITY, WHETHER IN CONTRACT, ST
      +                          RICT
    66                           ; LIABILITY, OR TORT (INCLUDING NEGLIGENCE OR OTHERWISE) ARISING IN ANY WAY OUT OF THE U
      +                          SE OF
    67                           ; THIS SOFTWARE, EVEN IF ADVISED OF THE POSSIBILITY OF SUCH DAMAGE.
    68                           ; 
    69                           ; 
    70                           ; Code-generator required, PIC16F88 Definitions
    71                           ; 
    72                           ; SFR Addresses
    73     0004                     fsr             equ	4
    74     0004                     fsr0            equ	4
    75     0000                     indf            equ	0
    76     0000                     indf0           equ	0
    77     0002                     pc              equ	2
    78     0002                     pcl             equ	2
    79     000A                     pclath          equ	10
    80     0003                     status          equ	3
    81     0000                     INDF            equ	0	;# 
    82     0001                     TMR0            equ	1	;# 
    83     0002                     PCL             equ	2	;# 
    84     0003                     STATUS          equ	3	;# 
    85     0004                     FSR             equ	4	;# 
    86     0005                     PORTA           equ	5	;# 
    87     0006                     PORTB           equ	6	;# 
    88     000A                     PCLATH          equ	10	;# 
    89     000B                     INTCON          equ	11	;# 
    90     000C                     PIR1            equ	12	;# 
    91     000D                     PIR2            equ	13	;# 
    92     000E                     TMR1            equ	14	;# 
    93     000E                     TMR1L           equ	14	;# 
    94     000F                     TMR1H           equ	15	;# 
    95     0010                     T1CON           equ	16	;# 
    96     0011                     TMR2            equ	17	;# 
    97     0012                     T2CON           equ	18	;# 
    98     0013                     SSPBUF          equ	19	;# 
    99     0014                     SSPCON          equ	20	;# 
   100     0015                     CCPR1           equ	21	;# 
   101     0015                     CCPR1L          equ	21	;# 
   102     0016                     CCPR1H          equ	22	;# 
   103     0017                     CCP1CON         equ	23	;# 
   104     0018                     RCSTA           equ	24	;# 
   105     0019                     TXREG           equ	25	;# 
   106     001A                     RCREG           equ	26	;# 
   107     001E                     ADRESH          equ	30	;# 
   108     001F                     ADCON0          equ	31	;# 
   109     0081                     OPTION_REG      equ	129	;# 
   110     0085                     TRISA           equ	133	;# 
   111     0086                     TRISB           equ	134	;# 
   112     008C                     PIE1            equ	140	;# 
   113     008D                     PIE2            equ	141	;# 
   114     008E                     PCON            equ	142	;# 
   115     008F                     OSCCON          equ	143	;# 
   116     0090                     OSCTUNE         equ	144	;# 
   117     0092                     PR2             equ	146	;# 
   118     0093                     SSPADD          equ	147	;# 
   119     0094                     SSPSTAT         equ	148	;# 
   120     0098                     TXSTA           equ	152	;# 
   121     0099                     SPBRG           equ	153	;# 
   122     009B                     ANSEL           equ	155	;# 
   123     009C                     CMCON           equ	156	;# 
   124     009D                     CVRCON          equ	157	;# 
   125     009E                     ADRESL          equ	158	;# 
   126     009F                     ADCON1          equ	159	;# 
   127     0105                     WDTCON          equ	261	;# 
   128     010C                     EEDATA          equ	268	;# 
   129     010D                     EEADR           equ	269	;# 
   130     010E                     EEDATH          equ	270	;# 
   131     010F                     EEADRH          equ	271	;# 
   132     018C                     EECON1          equ	396	;# 
   133     018D                     EECON2          equ	397	;# 
   134     0000                     INDF            equ	0	;# 
   135     0001                     TMR0            equ	1	;# 
   136     0002                     PCL             equ	2	;# 
   137     0003                     STATUS          equ	3	;# 
   138     0004                     FSR             equ	4	;# 
   139     0005                     PORTA           equ	5	;# 
   140     0006                     PORTB           equ	6	;# 
   141     000A                     PCLATH          equ	10	;# 
   142     000B                     INTCON          equ	11	;# 
   143     000C                     PIR1            equ	12	;# 
   144     000D                     PIR2            equ	13	;# 
   145     000E                     TMR1            equ	14	;# 
   146     000E                     TMR1L           equ	14	;# 
   147     000F                     TMR1H           equ	15	;# 
   148     0010                     T1CON           equ	16	;# 
   149     0011                     TMR2            equ	17	;# 
   150     0012                     T2CON           equ	18	;# 
   151     0013                     SSPBUF          equ	19	;# 
   152     0014                     SSPCON          equ	20	;# 
   153     0015                     CCPR1           equ	21	;# 
   154     0015                     CCPR1L          equ	21	;# 
   155     0016                     CCPR1H          equ	22	;# 
   156     0017                     CCP1CON         equ	23	;# 
   157     0018                     RCSTA           equ	24	;# 
   158     0019                     TXREG           equ	25	;# 
   159     001A                     RCREG           equ	26	;# 
   160     001E                     ADRESH          equ	30	;# 
   161     001F                     ADCON0          equ	31	;# 
   162     0081                     OPTION_REG      equ	129	;# 
   163     0085                     TRISA           equ	133	;# 
   164     0086                     TRISB           equ	134	;# 
   165     008C                     PIE1            equ	140	;# 
   166     008D                     PIE2            equ	141	;# 
   167     008E                     PCON            equ	142	;# 
   168     008F                     OSCCON          equ	143	;# 
   169     0090                     OSCTUNE         equ	144	;# 
   170     0092                     PR2             equ	146	;# 
   171     0093                     SSPADD          equ	147	;# 
   172     0094                     SSPSTAT         equ	148	;# 
   173     0098                     TXSTA           equ	152	;# 
   174     0099                     SPBRG           equ	153	;# 
   175     009B                     ANSEL           equ	155	;# 
   176     009C                     CMCON           equ	156	;# 
   177     009D                     CVRCON          equ	157	;# 
   178     009E                     ADRESL          equ	158	;# 
   179     009F                     ADCON1          equ	159	;# 
   180     0105                     WDTCON          equ	261	;# 
   181     010C                     EEDATA          equ	268	;# 
   182     010D                     EEADR           equ	269	;# 
   183     010E                     EEDATH          equ	270	;# 
   184     010F                     EEADRH          equ	271	;# 
   185     018C                     EECON1          equ	396	;# 
   186     018D                     EECON2          equ	397	;# 
   187     0000                     INDF            equ	0	;# 
   188     0001                     TMR0            equ	1	;# 
   189     0002                     PCL             equ	2	;# 
   190     0003                     STATUS          equ	3	;# 
   191     0004                     FSR             equ	4	;# 
   192     0005                     PORTA           equ	5	;# 
   193     0006                     PORTB           equ	6	;# 
   194     000A                     PCLATH          equ	10	;# 
   195     000B                     INTCON          equ	11	;# 
   196     000C                     PIR1            equ	12	;# 
   197     000D                     PIR2            equ	13	;# 
   198     000E                     TMR1            equ	14	;# 
   199     000E                     TMR1L           equ	14	;# 
   200     000F                     TMR1H           equ	15	;# 
   201     0010                     T1CON           equ	16	;# 
   202     0011                     TMR2            equ	17	;# 
   203     0012                     T2CON           equ	18	;# 
   204     0013                     SSPBUF          equ	19	;# 
   205     0014                     SSPCON          equ	20	;# 
   206     0015                     CCPR1           equ	21	;# 
   207     0015                     CCPR1L          equ	21	;# 
   208     0016                     CCPR1H          equ	22	;# 
   209     0017                     CCP1CON         equ	23	;# 
   210     0018                     RCSTA           equ	24	;# 
   211     0019                     TXREG           equ	25	;# 
   212     001A                     RCREG           equ	26	;# 
   213     001E                     ADRESH          equ	30	;# 
   214     001F                     ADCON0          equ	31	;# 
   215     0081                     OPTION_REG      equ	129	;# 
   216     0085                     TRISA           equ	133	;# 
   217     0086                     TRISB           equ	134	;# 
   218     008C                     PIE1            equ	140	;# 
   219     008D                     PIE2            equ	141	;# 
   220     008E                     PCON            equ	142	;# 
   221     008F                     OSCCON          equ	143	;# 
   222     0090                     OSCTUNE         equ	144	;# 
   223     0092                     PR2             equ	146	;# 
   224     0093                     SSPADD          equ	147	;# 
   225     0094                     SSPSTAT         equ	148	;# 
   226     0098                     TXSTA           equ	152	;# 
   227     0099                     SPBRG           equ	153	;# 
   228     009B                     ANSEL           equ	155	;# 
   229     009C                     CMCON           equ	156	;# 
   230     009D                     CVRCON          equ	157	;# 
   231     009E                     ADRESL          equ	158	;# 
   232     009F                     ADCON1          equ	159	;# 
   233     0105                     WDTCON          equ	261	;# 
   234     010C                     EEDATA          equ	268	;# 
   235     010D                     EEADR           equ	269	;# 
   236     010E                     EEDATH          equ	270	;# 
   237     010F                     EEADRH          equ	271	;# 
   238     018C                     EECON1          equ	396	;# 
   239     018D                     EECON2          equ	397	;# 
   240     0000                     INDF            equ	0	;# 
   241     0001                     TMR0            equ	1	;# 
   242     0002                     PCL             equ	2	;# 
   243     0003                     STATUS          equ	3	;# 
   244     0004                     FSR             equ	4	;# 
   245     0005                     PORTA           equ	5	;# 
   246     0006                     PORTB           equ	6	;# 
   247     000A                     PCLATH          equ	10	;# 
   248     000B                     INTCON          equ	11	;# 
   249     000C                     PIR1            equ	12	;# 
   250     000D                     PIR2            equ	13	;# 
   251     000E                     TMR1            equ	14	;# 
   252     000E                     TMR1L           equ	14	;# 
   253     000F                     TMR1H           equ	15	;# 
   254     0010                     T1CON           equ	16	;# 
   255     0011                     TMR2            equ	17	;# 
   256     0012                     T2CON           equ	18	;# 
   257     0013                     SSPBUF          equ	19	;# 
   258     0014                     SSPCON          equ	20	;# 
   259     0015                     CCPR1           equ	21	;# 
   260     0015                     CCPR1L          equ	21	;# 
   261     0016                     CCPR1H          equ	22	;# 
   262     0017                     CCP1CON         equ	23	;# 
   263     0018                     RCSTA           equ	24	;# 
   264     0019                     TXREG           equ	25	;# 
   265     001A                     RCREG           equ	26	;# 
   266     001E                     ADRESH          equ	30	;# 
   267     001F                     ADCON0          equ	31	;# 
   268     0081                     OPTION_REG      equ	129	;# 
   269     0085                     TRISA           equ	133	;# 
   270     0086                     TRISB           equ	134	;# 
   271     008C                     PIE1            equ	140	;# 
   272     008D                     PIE2            equ	141	;# 
   273     008E                     PCON            equ	142	;# 
   274     008F                     OSCCON          equ	143	;# 
   275     0090                     OSCTUNE         equ	144	;# 
   276     0092                     PR2             equ	146	;# 
   277     0093                     SSPADD          equ	147	;# 
   278     0094                     SSPSTAT         equ	148	;# 
   279     0098                     TXSTA           equ	152	;# 
   280     0099                     SPBRG           equ	153	;# 
   281     009B                     ANSEL           equ	155	;# 
   282     009C                     CMCON           equ	156	;# 
   283     009D                     CVRCON          equ	157	;# 
   284     009E                     ADRESL          equ	158	;# 
   285     009F                     ADCON1          equ	159	;# 
   286     0105                     WDTCON          equ	261	;# 
   287     010C                     EEDATA          equ	268	;# 
   288     010D                     EEADR           equ	269	;# 
   289     010E                     EEDATH          equ	270	;# 
   290     010F                     EEADRH          equ	271	;# 
   291     018C                     EECON1          equ	396	;# 
   292     018D                     EECON2          equ	397	;# 
   293     0000                     INDF            equ	0	;# 
   294     0001                     TMR0            equ	1	;# 
   295     0002                     PCL             equ	2	;# 
   296     0003                     STATUS          equ	3	;# 
   297     0004                     FSR             equ	4	;# 
   298     0005                     PORTA           equ	5	;# 
   299     0006                     PORTB           equ	6	;# 
   300     000A                     PCLATH          equ	10	;# 
   301     000B                     INTCON          equ	11	;# 
   302     000C                     PIR1            equ	12	;# 
   303     000D                     PIR2            equ	13	;# 
   304     000E                     TMR1            equ	14	;# 
   305     000E                     TMR1L           equ	14	;# 
   306     000F                     TMR1H           equ	15	;# 
   307     0010                     T1CON           equ	16	;# 
   308     0011                     TMR2            equ	17	;# 
   309     0012                     T2CON           equ	18	;# 
   310     0013                     SSPBUF          equ	19	;# 
   311     0014                     SSPCON          equ	20	;# 
   312     0015                     CCPR1           equ	21	;# 
   313     0015                     CCPR1L          equ	21	;# 
   314     0016                     CCPR1H          equ	22	;# 
   315     0017                     CCP1CON         equ	23	;# 
   316     0018                     RCSTA           equ	24	;# 
   317     0019                     TXREG           equ	25	;# 
   318     001A                     RCREG           equ	26	;# 
   319     001E                     ADRESH          equ	30	;# 
   320     001F                     ADCON0          equ	31	;# 
   321     0081                     OPTION_REG      equ	129	;# 
   322     0085                     TRISA           equ	133	;# 
   323     0086                     TRISB           equ	134	;# 
   324     008C                     PIE1            equ	140	;# 
   325     008D                     PIE2            equ	141	;# 
   326     008E                     PCON            equ	142	;# 
   327     008F                     OSCCON          equ	143	;# 
   328     0090                     OSCTUNE         equ	144	;# 
   329     0092                     PR2             equ	146	;# 
   330     0093                     SSPADD          equ	147	;# 
   331     0094                     SSPSTAT         equ	148	;# 
   332     0098                     TXSTA           equ	152	;# 
   333     0099                     SPBRG           equ	153	;# 
   334     009B                     ANSEL           equ	155	;# 
   335     009C                     CMCON           equ	156	;# 
   336     009D                     CVRCON          equ	157	;# 
   337     009E                     ADRESL          equ	158	;# 
   338     009F                     ADCON1          equ	159	;# 
   339     0105                     WDTCON          equ	261	;# 
   340     010C                     EEDATA          equ	268	;# 
   341     010D                     EEADR           equ	269	;# 
   342     010E                     EEDATH          equ	270	;# 
   343     010F                     EEADRH          equ	271	;# 
   344     018C                     EECON1          equ	396	;# 
   345     018D                     EECON2          equ	397	;# 
   346     0000                     INDF            equ	0	;# 
   347     0001                     TMR0            equ	1	;# 
   348     0002                     PCL             equ	2	;# 
   349     0003                     STATUS          equ	3	;# 
   350     0004                     FSR             equ	4	;# 
   351     0005                     PORTA           equ	5	;# 
   352     0006                     PORTB           equ	6	;# 
   353     000A                     PCLATH          equ	10	;# 
   354     000B                     INTCON          equ	11	;# 
   355     000C                     PIR1            equ	12	;# 
   356     000D                     PIR2            equ	13	;# 
   357     000E                     TMR1            equ	14	;# 
   358     000E                     TMR1L           equ	14	;# 
   359     000F                     TMR1H           equ	15	;# 
   360     0010                     T1CON           equ	16	;# 
   361     0011                     TMR2            equ	17	;# 
   362     0012                     T2CON           equ	18	;# 
   363     0013                     SSPBUF          equ	19	;# 
   364     0014                     SSPCON          equ	20	;# 
   365     0015                     CCPR1           equ	21	;# 
   366     0015                     CCPR1L          equ	21	;# 
   367     0016                     CCPR1H          equ	22	;# 
   368     0017                     CCP1CON         equ	23	;# 
   369     0018                     RCSTA           equ	24	;# 
   370     0019                     TXREG           equ	25	;# 
   371     001A                     RCREG           equ	26	;# 
   372     001E                     ADRESH          equ	30	;# 
   373     001F                     ADCON0          equ	31	;# 
   374     0081                     OPTION_REG      equ	129	;# 
   375     0085                     TRISA           equ	133	;# 
   376     0086                     TRISB           equ	134	;# 
   377     008C                     PIE1            equ	140	;# 
   378     008D                     PIE2            equ	141	;# 
   379     008E                     PCON            equ	142	;# 
   380     008F                     OSCCON          equ	143	;# 
   381     0090                     OSCTUNE         equ	144	;# 
   382     0092                     PR2             equ	146	;# 
   383     0093                     SSPADD          equ	147	;# 
   384     0094                     SSPSTAT         equ	148	;# 
   385     0098                     TXSTA           equ	152	;# 
   386     0099                     SPBRG           equ	153	;# 
   387     009B                     ANSEL           equ	155	;# 
   388     009C                     CMCON           equ	156	;# 
   389     009D                     CVRCON          equ	157	;# 
   390     009E                     ADRESL          equ	158	;# 
   391     009F                     ADCON1          equ	159	;# 
   392     0105                     WDTCON          equ	261	;# 
   393     010C                     EEDATA          equ	268	;# 
   394     010D                     EEADR           equ	269	;# 
   395     010E                     EEDATH          equ	270	;# 
   396     010F                     EEADRH          equ	271	;# 
   397     018C                     EECON1          equ	396	;# 
   398     018D                     EECON2          equ	397	;# 
   399                           
   400                           	psect	idataCOMMON
   401     07F9                     __pidataCOMMON:
   402                           
   403                           ;initializer for _current_freq_mhz
   404     07F9  3408               	retlw	8
   405                           
   406                           	psect	strings
   407     0600                     __pstrings:
   408     0600                     stringtab:
   409     0600                     __stringtab:
   410                           
   411                           ;	String table - string pointers are 1 byte each
   412     0600  1BFF               	btfsc	btemp+1,7
   413     0601  2E0A               	ljmp	stringcode
   414     0602  1383               	bcf	3,7
   415     0603  187F               	btfsc	btemp+1,0
   416     0604  1783               	bsf	3,7
   417     0605  0800               	movf	0,w
   418     0606  0A84               	incf	4,f
   419     0607  1903               	skipnz
   420     0608  0AFF               	incf	btemp+1,f
   421     0609  0008               	return
   422     060A                     stringcode:
   423     060A                     stringdir:
   424     060A  3006               	movlw	high stringdir
   425     060B  008A               	movwf	10
   426     060C  0804               	movf	4,w
   427     060D  0A84               	incf	4,f
   428     060E  0782               	addwf	2,f
   429     060F                     __stringbase:
   430     060F  3400               	retlw	0
   431     0610                     __end_of__stringtab:
   432     0610                     main@calibrationInterval:
   433     0610  3410               	retlw	16
   434     0611  3427               	retlw	39
   435     0612  3400               	retlw	0
   436     0613  3400               	retlw	0
   437     0614                     __end_ofmain@calibrationInterval:
   438     001E                     _ADRESH         set	30
   439     001F                     _ADCON0         set	31
   440     001F                     _ADCON0bits     set	31
   441     0019                     _TXREG          set	25
   442     0001                     _TMR0           set	1
   443     00C4                     _CREN           set	196
   444     00C7                     _SPEN           set	199
   445     005F                     _GIE            set	95
   446     005D                     _TMR0IE         set	93
   447     005A                     _TMR0IF         set	90
   448     009E                     _ADRESL         set	158
   449     009F                     _ADCON1         set	159
   450     0086                     _TRISBbits      set	134
   451     0099                     _SPBRG          set	153
   452     0081                     _OPTION_REG     set	129
   453     0085                     _TRISAbits      set	133
   454     009B                     _ANSEL          set	155
   455     008F                     _OSCCON         set	143
   456     04C1                     _TRMT           set	1217
   457     04C5                     _TXEN           set	1221
   458     04C4                     _SYNC           set	1220
   459     04C2                     _BRGH           set	1218
   460     0614                     STR_1:
   461     0614  3441               	retlw	65	;'A'
   462     0615  3443               	retlw	67	;'C'
   463     0616  3453               	retlw	83	;'S'
   464     0617  3437               	retlw	55	;'7'
   465     0618  3431               	retlw	49	;'1'
   466     0619  3432               	retlw	50	;'2'
   467     061A  3420               	retlw	32	;' '
   468     061B  3441               	retlw	65	;'A'
   469     061C  3443               	retlw	67	;'C'
   470     061D  3420               	retlw	32	;' '
   471     061E  3449               	retlw	73	;'I'
   472     061F  346E               	retlw	110	;'n'
   473     0620  3474               	retlw	116	;'t'
   474     0621  3465               	retlw	101	;'e'
   475     0622  3467               	retlw	103	;'g'
   476     0623  3465               	retlw	101	;'e'
   477     0624  3472               	retlw	114	;'r'
   478     0625  3420               	retlw	32	;' '
   479     0626  3454               	retlw	84	;'T'
   480     0627  3465               	retlw	101	;'e'
   481     0628  3473               	retlw	115	;'s'
   482     0629  3474               	retlw	116	;'t'
   483     062A  340D               	retlw	13
   484     062B  340A               	retlw	10
   485     062C  3400               	retlw	0
   486     062D                     STR_3:
   487     062D  3452               	retlw	82	;'R'
   488     062E  3465               	retlw	101	;'e'
   489     062F  3463               	retlw	99	;'c'
   490     0630  3461               	retlw	97	;'a'
   491     0631  346C               	retlw	108	;'l'
   492     0632  3469               	retlw	105	;'i'
   493     0633  3462               	retlw	98	;'b'
   494     0634  3472               	retlw	114	;'r'
   495     0635  3461               	retlw	97	;'a'
   496     0636  3474               	retlw	116	;'t'
   497     0637  3469               	retlw	105	;'i'
   498     0638  346E               	retlw	110	;'n'
   499     0639  3467               	retlw	103	;'g'
   500     063A  342E               	retlw	46	;'.'
   501     063B  342E               	retlw	46	;'.'
   502     063C  342E               	retlw	46	;'.'
   503     063D  340D               	retlw	13
   504     063E  340A               	retlw	10
   505     063F  3400               	retlw	0
   506     0640                     STR_2:
   507     0640  3443               	retlw	67	;'C'
   508     0641  3461               	retlw	97	;'a'
   509     0642  346C               	retlw	108	;'l'
   510     0643  3469               	retlw	105	;'i'
   511     0644  3462               	retlw	98	;'b'
   512     0645  3472               	retlw	114	;'r'
   513     0646  3461               	retlw	97	;'a'
   514     0647  3474               	retlw	116	;'t'
   515     0648  3469               	retlw	105	;'i'
   516     0649  346E               	retlw	110	;'n'
   517     064A  3467               	retlw	103	;'g'
   518     064B  342E               	retlw	46	;'.'
   519     064C  342E               	retlw	46	;'.'
   520     064D  342E               	retlw	46	;'.'
   521     064E  340D               	retlw	13
   522     064F  340A               	retlw	10
   523     0650  3400               	retlw	0
   524     0651                     STR_5:
   525     0651  3443               	retlw	67	;'C'
   526     0652  3475               	retlw	117	;'u'
   527     0653  3472               	retlw	114	;'r'
   528     0654  3472               	retlw	114	;'r'
   529     0655  3465               	retlw	101	;'e'
   530     0656  346E               	retlw	110	;'n'
   531     0657  3474               	retlw	116	;'t'
   532     0658  343A               	retlw	58	;':'
   533     0659  3420               	retlw	32	;' '
   534     065A  3400               	retlw	0
   535     065B                     STR_4:
   536     065B  3444               	retlw	68	;'D'
   537     065C  346F               	retlw	111	;'o'
   538     065D  346E               	retlw	110	;'n'
   539     065E  3465               	retlw	101	;'e'
   540     065F  342E               	retlw	46	;'.'
   541     0660  340D               	retlw	13
   542     0661  340A               	retlw	10
   543     0662  3400               	retlw	0
   544     0663                     STR_6:
   545     0663  3420               	retlw	32	;' '
   546     0664  3441               	retlw	65	;'A'
   547     0665  340D               	retlw	13
   548     0666  340A               	retlw	10
   549     0667  3400               	retlw	0
   550                           
   551                           	psect	cinit
   552     000D                     start_initialization:	
   553                           ; #config settings
   554                           
   555     000D                     __initialization:
   556                           
   557                           ; Initialize objects allocated to COMMON
   558     000D  118A  27F9  118A   	fcall	__pidataCOMMON	;fetch initializer
   559     0010  00FB               	movwf	__pdataCOMMON& (0+127)
   560                           
   561                           ; Clear objects allocated to BANK1
   562     0011  1683               	bsf	3,5	;RP0=1, select bank1
   563     0012  1303               	bcf	3,6	;RP1=0, select bank1
   564     0013  01C8               	clrf	__pbssBANK1& (0+127)
   565     0014  01C9               	clrf	(__pbssBANK1+1)& (0+127)
   566     0015  01CA               	clrf	(__pbssBANK1+2)& (0+127)
   567     0016  01CB               	clrf	(__pbssBANK1+3)& (0+127)
   568     0017  01CC               	clrf	(__pbssBANK1+4)& (0+127)
   569     0018  01CD               	clrf	(__pbssBANK1+5)& (0+127)
   570     0019  01CE               	clrf	(__pbssBANK1+6)& (0+127)
   571     001A  01CF               	clrf	(__pbssBANK1+7)& (0+127)
   572     001B  01D0               	clrf	(__pbssBANK1+8)& (0+127)
   573     001C  01D1               	clrf	(__pbssBANK1+9)& (0+127)
   574     001D  01D2               	clrf	(__pbssBANK1+10)& (0+127)
   575     001E  01D3               	clrf	(__pbssBANK1+11)& (0+127)
   576     001F  01D4               	clrf	(__pbssBANK1+12)& (0+127)
   577     0020                     end_of_initialization:	
   578                           ;End of C runtime variable initialization code
   579                           
   580     0020                     __end_of__initialization:
   581     0020  0183               	clrf	3
   582     0021  118A  2A83         	ljmp	_main	;jump to C main() function
   583                           
   584                           	psect	dataCOMMON
   585     007B                     __pdataCOMMON:
   586     007B                     _current_freq_mhz:
   587     007B                     	ds	1
   588                           
   589                           	psect	bssBANK1
   590     00C8                     __pbssBANK1:
   591     00C8                     _micros_counter:
   592     00C8                     	ds	4
   593     00CC                     _mySensor:
   594     00CC                     	ds	9
   595                           
   596                           	psect	cstackBANK1
   597     00A0                     __pcstackBANK1:
   598     00A0                     ACS712_ReadAC@start_time:
   599                           
   600                           ; 4 bytes @ 0x0
   601     00A0                     	ds	4
   602     00A4                     ACS712_ReadAC@zero:
   603                           
   604                           ; 4 bytes @ 0x4
   605     00A4                     	ds	4
   606     00A8                     ACS712_ReadAC@avg_sq:
   607                           
   608                           ; 4 bytes @ 0x8
   609     00A8                     	ds	4
   610     00AC                     ACS712_ReadAC@rms_adc:
   611                           
   612                           ; 4 bytes @ 0xC
   613     00AC                     	ds	4
   614     00B0                     ACS712_ReadAC@voltage_rms_mv:
   615                           
   616                           ; 4 bytes @ 0x10
   617     00B0                     	ds	4
   618     00B4                     ACS712_ReadAC@current_mA:
   619                           
   620                           ; 4 bytes @ 0x14
   621     00B4                     	ds	4
   622     00B8                     ACS712_ReadAC@accumulator:
   623                           
   624                           ; 4 bytes @ 0x18
   625     00B8                     	ds	4
   626     00BC                     ACS712_ReadAC@period_us:
   627                           
   628                           ; 4 bytes @ 0x1C
   629     00BC                     	ds	4
   630     00C0                     ACS712_ReadAC@count:
   631                           
   632                           ; 4 bytes @ 0x20
   633     00C0                     	ds	4
   634     00C4                     ACS712_ReadAC@sample:
   635                           
   636                           ; 4 bytes @ 0x24
   637     00C4                     	ds	4
   638                           
   639                           	psect	cstackCOMMON
   640     0070                     __pcstackCOMMON:
   641     0070                     ?_UART_Init:
   642     0070                     ?_ADC_Init:	
   643                           ; 1 bytes @ 0x0
   644                           
   645     0070                     ?_Time_Init:	
   646                           ; 1 bytes @ 0x0
   647                           
   648     0070                     ?_UART_Write:	
   649                           ; 1 bytes @ 0x0
   650                           
   651     0070                     ?_main:	
   652                           ; 1 bytes @ 0x0
   653                           
   654     0070                     ?_ISR:	
   655                           ; 1 bytes @ 0x0
   656                           
   657     0070                     ??_ISR:	
   658                           ; 1 bytes @ 0x0
   659                           
   660                           
   661                           ; 1 bytes @ 0x0
   662     0070                     	ds	2
   663     0072                     ?_ACS712_SetSensitivity:
   664     0072                     ?_ADC_Read:	
   665                           ; 1 bytes @ 0x2
   666                           
   667     0072                     ?___awdiv:	
   668                           ; 2 bytes @ 0x2
   669                           
   670     0072                     ?___lwdiv:	
   671                           ; 2 bytes @ 0x2
   672                           
   673     0072                     ?___lwmod:	
   674                           ; 2 bytes @ 0x2
   675                           
   676     0072                     ?_micros:	
   677                           ; 2 bytes @ 0x2
   678                           
   679     0072                     ?___lmul:	
   680                           ; 4 bytes @ 0x2
   681                           
   682     0072                     Time_Init@mhz:	
   683                           ; 4 bytes @ 0x2
   684                           
   685     0072                     UART_Write@data:	
   686                           ; 1 bytes @ 0x2
   687                           
   688     0072                     ACS712_SetSensitivity@sensor:	
   689                           ; 1 bytes @ 0x2
   690                           
   691     0072                     ___awdiv@divisor:	
   692                           ; 2 bytes @ 0x2
   693                           
   694     0072                     ___lwdiv@divisor:	
   695                           ; 2 bytes @ 0x2
   696                           
   697     0072                     ___lwmod@divisor:	
   698                           ; 2 bytes @ 0x2
   699                           
   700     0072                     ___lmul@multiplier:	
   701                           ; 2 bytes @ 0x2
   702                           
   703     0072                     ??_UART_Init:	
   704                           ; 4 bytes @ 0x2
   705                           
   706     0072                     ??_ADC_Init:	
   707                           ; 1 bytes @ 0x2
   708                           
   709     0072                     ??_Time_Init:	
   710                           ; 1 bytes @ 0x2
   711                           
   712     0072                     ??_UART_Write:	
   713                           ; 1 bytes @ 0x2
   714                           
   715                           
   716                           ; 1 bytes @ 0x2
   717     0072                     	ds	1
   718     0073                     ?_UART_Write_Text:
   719     0073                     UART_Write_Text@text:	
   720                           ; 1 bytes @ 0x3
   721                           
   722                           
   723                           ; 2 bytes @ 0x3
   724     0073                     	ds	1
   725     0074                     ACS712_SetSensitivity@sens_mv_a:
   726     0074                     ___awdiv@dividend:	
   727                           ; 2 bytes @ 0x4
   728                           
   729     0074                     ___lwdiv@dividend:	
   730                           ; 2 bytes @ 0x4
   731                           
   732     0074                     ___lwmod@dividend:	
   733                           ; 2 bytes @ 0x4
   734                           
   735     0074                     ??_ADC_Read:	
   736                           ; 2 bytes @ 0x4
   737                           
   738                           
   739                           ; 1 bytes @ 0x4
   740     0074                     	ds	1
   741     0075                     ADC_Read@channel:
   742     0075                     ??_UART_Write_Text:	
   743                           ; 1 bytes @ 0x5
   744                           
   745                           
   746                           ; 1 bytes @ 0x5
   747     0075                     	ds	1
   748     0076                     ___awdiv@counter:
   749     0076                     ___lwdiv@counter:	
   750                           ; 1 bytes @ 0x6
   751                           
   752     0076                     ___lwmod@counter:	
   753                           ; 1 bytes @ 0x6
   754                           
   755     0076                     ___lmul@multiplicand:	
   756                           ; 1 bytes @ 0x6
   757                           
   758     0076                     ??_micros:	
   759                           ; 4 bytes @ 0x6
   760                           
   761     0076                     ??_ACS712_SetSensitivity:	
   762                           ; 1 bytes @ 0x6
   763                           
   764     0076                     ??___awdiv:	
   765                           ; 1 bytes @ 0x6
   766                           
   767     0076                     ??___lwdiv:	
   768                           ; 1 bytes @ 0x6
   769                           
   770     0076                     ??___lwmod:	
   771                           ; 1 bytes @ 0x6
   772                           
   773                           
   774                           ; 1 bytes @ 0x6
   775     0076                     	ds	1
   776     0077                     ___awdiv@sign:
   777     0077                     ___lwdiv@quotient:	
   778                           ; 1 bytes @ 0x7
   779                           
   780                           
   781                           ; 2 bytes @ 0x7
   782     0077                     	ds	1
   783     0078                     UART_Write_Text@i:
   784     0078                     ___awdiv@quotient:	
   785                           ; 2 bytes @ 0x8
   786                           
   787                           
   788                           ; 2 bytes @ 0x8
   789     0078                     	ds	1
   790     0079                     ??_IntToText:
   791                           
   792                           ; 1 bytes @ 0x9
   793     0079                     	ds	1
   794     007A                     ??___lmul:
   795                           
   796                           ; 1 bytes @ 0xA
   797     007A                     	ds	1
   798     007B                     ??_millis:
   799                           
   800                           	psect	cstackBANK0
   801     0020                     __pcstackBANK0:	
   802                           ; 1 bytes @ 0xB
   803                           
   804     0020                     ?_ACS712_Init:
   805     0020                     ?_IntToText:	
   806                           ; 1 bytes @ 0x0
   807                           
   808     0020                     IntToText@buf:	
   809                           ; 1 bytes @ 0x0
   810                           
   811     0020                     ACS712_Init@sensor:	
   812                           ; 1 bytes @ 0x0
   813                           
   814     0020                     micros@micros_now:	
   815                           ; 2 bytes @ 0x0
   816                           
   817     0020                     ___lmul@product:	
   818                           ; 4 bytes @ 0x0
   819                           
   820                           
   821                           ; 4 bytes @ 0x0
   822     0020                     	ds	1
   823     0021                     IntToText@n:
   824                           
   825                           ; 2 bytes @ 0x1
   826     0021                     	ds	1
   827     0022                     ACS712_Init@channel:
   828                           
   829                           ; 1 bytes @ 0x2
   830     0022                     	ds	1
   831     0023                     IntToText@temp:
   832     0023                     ACS712_Init@v_ref_mv:	
   833                           ; 1 bytes @ 0x3
   834                           
   835                           
   836                           ; 2 bytes @ 0x3
   837     0023                     	ds	1
   838     0024                     micros@tmr_snapshot:
   839     0024                     IntToText@i:	
   840                           ; 1 bytes @ 0x4
   841                           
   842                           
   843                           ; 2 bytes @ 0x4
   844     0024                     	ds	1
   845     0025                     ?___lldiv:
   846     0025                     ACS712_Init@adc_res:	
   847                           ; 4 bytes @ 0x5
   848                           
   849     0025                     ___lldiv@divisor:	
   850                           ; 2 bytes @ 0x5
   851                           
   852                           
   853                           ; 4 bytes @ 0x5
   854     0025                     	ds	1
   855     0026                     IntToText@start:
   856                           
   857                           ; 2 bytes @ 0x6
   858     0026                     	ds	1
   859     0027                     ??_ACS712_Init:
   860                           
   861                           ; 1 bytes @ 0x7
   862     0027                     	ds	1
   863     0028                     IntToText@end:
   864                           
   865                           ; 2 bytes @ 0x8
   866     0028                     	ds	1
   867     0029                     ___lldiv@dividend:
   868                           
   869                           ; 4 bytes @ 0x9
   870     0029                     	ds	4
   871     002D                     ??___lldiv:
   872                           
   873                           ; 1 bytes @ 0xD
   874     002D                     	ds	1
   875     002E                     ___lldiv@quotient:
   876                           
   877                           ; 4 bytes @ 0xE
   878     002E                     	ds	4
   879     0032                     ___lldiv@counter:
   880                           
   881                           ; 1 bytes @ 0x12
   882     0032                     	ds	1
   883     0033                     ?_ACS712_Calibrate:
   884     0033                     ?_millis:	
   885                           ; 1 bytes @ 0x13
   886                           
   887     0033                     ?_isqrt:	
   888                           ; 4 bytes @ 0x13
   889                           
   890     0033                     ACS712_Calibrate@sensor:	
   891                           ; 4 bytes @ 0x13
   892                           
   893     0033                     isqrt@n:	
   894                           ; 2 bytes @ 0x13
   895                           
   896                           
   897                           ; 4 bytes @ 0x13
   898     0033                     	ds	2
   899     0035                     ??_ACS712_Calibrate:
   900                           
   901                           ; 1 bytes @ 0x15
   902     0035                     	ds	2
   903     0037                     ??_isqrt:
   904                           
   905                           ; 1 bytes @ 0x17
   906     0037                     	ds	2
   907     0039                     ACS712_Calibrate@accumulator:
   908                           
   909                           ; 4 bytes @ 0x19
   910     0039                     	ds	2
   911     003B                     isqrt@y:
   912                           
   913                           ; 4 bytes @ 0x1B
   914     003B                     	ds	2
   915     003D                     ACS712_Calibrate@i:
   916                           
   917                           ; 2 bytes @ 0x1D
   918     003D                     	ds	2
   919     003F                     isqrt@x:
   920                           
   921                           ; 4 bytes @ 0x1F
   922     003F                     	ds	4
   923     0043                     ?_ACS712_ReadAC:
   924     0043                     ACS712_ReadAC@sensor:	
   925                           ; 2 bytes @ 0x23
   926                           
   927                           
   928                           ; 2 bytes @ 0x23
   929     0043                     	ds	2
   930     0045                     ACS712_ReadAC@frequency:
   931                           
   932                           ; 1 bytes @ 0x25
   933     0045                     	ds	1
   934     0046                     ??_ACS712_ReadAC:
   935                           
   936                           ; 1 bytes @ 0x26
   937     0046                     	ds	8
   938     004E                     ??_main:
   939                           
   940                           ; 1 bytes @ 0x2E
   941     004E                     	ds	4
   942     0052                     main@buffer:
   943                           
   944                           ; 10 bytes @ 0x32
   945     0052                     	ds	10
   946     005C                     main@amps_whole:
   947                           
   948                           ; 2 bytes @ 0x3C
   949     005C                     	ds	2
   950     005E                     main@previousMillis:
   951                           
   952                           ; 4 bytes @ 0x3E
   953     005E                     	ds	4
   954     0062                     main@sum_ma:
   955                           
   956                           ; 4 bytes @ 0x42
   957     0062                     	ds	4
   958     0066                     main@currentMillis:
   959                           
   960                           ; 4 bytes @ 0x46
   961     0066                     	ds	4
   962     006A                     main@i:
   963                           
   964                           ; 2 bytes @ 0x4A
   965     006A                     	ds	2
   966     006C                     main@amps_frac:
   967                           
   968                           ; 2 bytes @ 0x4C
   969     006C                     	ds	2
   970     006E                     main@ma_val:
   971                           
   972                           ; 2 bytes @ 0x4E
   973     006E                     	ds	2
   974                           
   975                           	psect	maintext
   976     0283                     __pmaintext:	
   977 ;;
   978 ;;Main: autosize = 0, tempsize = 4, incstack = 0, save=0
   979 ;;
   980 ;; *************** function _main *****************
   981 ;; Defined at:
   982 ;;		line 61 in file "Test_AC.c"
   983 ;; Parameters:    Size  Location     Type
   984 ;;		None
   985 ;; Auto vars:     Size  Location     Type
   986 ;;  buffer         10   50[BANK0 ] unsigned char [10]
   987 ;;  currentMilli    4   70[BANK0 ] unsigned long 
   988 ;;  sum_ma          4   66[BANK0 ] unsigned long 
   989 ;;  ma_val          2   78[BANK0 ] unsigned int 
   990 ;;  amps_frac       2   76[BANK0 ] unsigned int 
   991 ;;  i               2   74[BANK0 ] int 
   992 ;;  amps_whole      2   60[BANK0 ] unsigned int 
   993 ;;  previousMill    4   62[BANK0 ] unsigned long 
   994 ;; Return value:  Size  Location     Type
   995 ;;                  1    wreg      void 
   996 ;; Registers used:
   997 ;;		wreg, fsr0l, fsr0h, status,2, status,0, btemp+1, pclath, cstack
   998 ;; Tracked objects:
   999 ;;		On entry : B00/0
  1000 ;;		On exit  : 0/0
  1001 ;;		Unchanged: 0/0
  1002 ;; Data sizes:     COMMON   BANK0   BANK1   BANK3   BANK2
  1003 ;;      Params:         0       0       0       0       0
  1004 ;;      Locals:         0      30       0       0       0
  1005 ;;      Temps:          0       4       0       0       0
  1006 ;;      Totals:         0      34       0       0       0
  1007 ;;Total ram usage:       34 bytes
  1008 ;; Hardware stack levels required when called: 4
  1009 ;; This function calls:
  1010 ;;		_ACS712_Calibrate
  1011 ;;		_ACS712_Init
  1012 ;;		_ACS712_ReadAC
  1013 ;;		_ACS712_SetSensitivity
  1014 ;;		_ADC_Init
  1015 ;;		_IntToText
  1016 ;;		_Time_Init
  1017 ;;		_UART_Init
  1018 ;;		_UART_Write
  1019 ;;		_UART_Write_Text
  1020 ;;		___lldiv
  1021 ;;		___lwdiv
  1022 ;;		___lwmod
  1023 ;;		_millis
  1024 ;; This function is called by:
  1025 ;;		Startup code after reset
  1026 ;; This function uses a non-reentrant model
  1027 ;;
  1028                           
  1029     0283                     _main:	
  1030                           ;psect for function _main
  1031                           
  1032     0283                     l1847:	
  1033                           ;incstack = 0
  1034                           ; Regs used in _main: [wreg-fsr0h+status,2+status,0+btemp+1+pclath+cstack]
  1035                           
  1036                           
  1037                           ;Test_AC.c: 62:     OSCCON = 0x70;
  1038     0283  3070               	movlw	112
  1039     0284  1683               	bsf	3,5	;RP0=1, select bank1
  1040     0285  1303               	bcf	3,6	;RP1=0, select bank1
  1041     0286  008F               	movwf	15	;volatile
  1042                           
  1043                           ;Test_AC.c: 63:     ANSEL = 0b00000001;
  1044     0287  3001               	movlw	1
  1045     0288  009B               	movwf	27	;volatile
  1046                           
  1047                           ;Test_AC.c: 64:     TRISAbits.TRISA0 = 1;
  1048     0289  1405               	bsf	5,0	;volatile
  1049     028A                     l1849:
  1050                           
  1051                           ;Test_AC.c: 66:     UART_Init();
  1052     028A  158A  269B  118A   	fcall	_UART_Init
  1053                           
  1054                           ;Test_AC.c: 67:     ADC_Init();
  1055     028D  158A  2687  118A   	fcall	_ADC_Init
  1056     0290                     l1851:
  1057                           
  1058                           ;Test_AC.c: 68:     Time_Init(8);
  1059     0290  3008               	movlw	8
  1060     0291  118A  27DF  118A   	fcall	_Time_Init
  1061     0294                     l1853:
  1062                           
  1063                           ;Test_AC.c: 70:     UART_Write_Text("ACS712 AC Integer Test\r\n");
  1064     0294  3005               	movlw	(low ((STR_1-__stringbase)| (0+32768)))& (0+255)
  1065     0295  00F3               	movwf	UART_Write_Text@text
  1066     0296  3080               	movlw	128
  1067     0297  00F4               	movwf	UART_Write_Text@text+1
  1068     0298  118A  25C4  118A   	fcall	_UART_Write_Text
  1069     029B                     l1855:
  1070                           
  1071                           ;Test_AC.c: 73:     ACS712_Init(&mySensor, 0, 5000, 1023);
  1072     029B  30CC               	movlw	low _mySensor
  1073     029C  1283               	bcf	3,5	;RP0=0, select bank0
  1074     029D  1303               	bcf	3,6	;RP1=0, select bank0
  1075     029E  00A0               	movwf	ACS712_Init@sensor
  1076     029F  3000               	movlw	high _mySensor
  1077     02A0  00A1               	movwf	ACS712_Init@sensor+1
  1078     02A1  01A2               	clrf	ACS712_Init@channel
  1079     02A2  3088               	movlw	136
  1080     02A3  00A3               	movwf	ACS712_Init@v_ref_mv
  1081     02A4  3013               	movlw	19
  1082     02A5  00A4               	movwf	ACS712_Init@v_ref_mv+1
  1083     02A6  30FF               	movlw	255
  1084     02A7  00A5               	movwf	ACS712_Init@adc_res
  1085     02A8  3003               	movlw	3
  1086     02A9  00A6               	movwf	ACS712_Init@adc_res+1
  1087     02AA  118A  2731  118A   	fcall	_ACS712_Init
  1088     02AD                     l1857:
  1089                           
  1090                           ;Test_AC.c: 74:     ACS712_SetSensitivity(&mySensor, 100);
  1091     02AD  30CC               	movlw	low _mySensor
  1092     02AE  00F2               	movwf	ACS712_SetSensitivity@sensor
  1093     02AF  3000               	movlw	high _mySensor
  1094     02B0  00F3               	movwf	ACS712_SetSensitivity@sensor+1
  1095     02B1  3064               	movlw	100
  1096     02B2  00F4               	movwf	ACS712_SetSensitivity@sens_mv_a
  1097     02B3  3000               	movlw	0
  1098     02B4  00F5               	movwf	ACS712_SetSensitivity@sens_mv_a+1
  1099     02B5  158A  26AD  118A   	fcall	_ACS712_SetSensitivity
  1100     02B8                     l1859:
  1101                           
  1102                           ;Test_AC.c: 76:     UART_Write_Text("Calibrating...\r\n");
  1103     02B8  3031               	movlw	(low ((STR_2-__stringbase)| (0+32768)))& (0+255)
  1104     02B9  00F3               	movwf	UART_Write_Text@text
  1105     02BA  3080               	movlw	128
  1106     02BB  00F4               	movwf	UART_Write_Text@text+1
  1107     02BC  118A  25C4  118A   	fcall	_UART_Write_Text
  1108     02BF                     l1861:
  1109                           
  1110                           ;Test_AC.c: 77:     ACS712_Calibrate(&mySensor);
  1111     02BF  30CC               	movlw	low _mySensor
  1112     02C0  1283               	bcf	3,5	;RP0=0, select bank0
  1113     02C1  1303               	bcf	3,6	;RP1=0, select bank0
  1114     02C2  00B3               	movwf	ACS712_Calibrate@sensor
  1115     02C3  3000               	movlw	high _mySensor
  1116     02C4  00B4               	movwf	ACS712_Calibrate@sensor+1
  1117     02C5  118A  2551  118A   	fcall	_ACS712_Calibrate
  1118     02C8                     l1863:
  1119                           
  1120                           ;Test_AC.c: 78:     unsigned long previousMillis = 0;
  1121     02C8  3000               	movlw	0
  1122     02C9  1283               	bcf	3,5	;RP0=0, select bank0
  1123     02CA  1303               	bcf	3,6	;RP1=0, select bank0
  1124     02CB  00E1               	movwf	main@previousMillis+3
  1125     02CC  3000               	movlw	0
  1126     02CD  00E0               	movwf	main@previousMillis+2
  1127     02CE  3000               	movlw	0
  1128     02CF  00DF               	movwf	main@previousMillis+1
  1129     02D0  3000               	movlw	0
  1130     02D1  00DE               	movwf	main@previousMillis
  1131     02D2                     l1865:
  1132                           
  1133                           ;Test_AC.c: 82:         unsigned long currentMillis = millis();
  1134     02D2  158A  26E2  118A   	fcall	_millis
  1135     02D5  1283               	bcf	3,5	;RP0=0, select bank0
  1136     02D6  1303               	bcf	3,6	;RP1=0, select bank0
  1137     02D7  0836               	movf	?_millis+3,w
  1138     02D8  00E9               	movwf	main@currentMillis+3
  1139     02D9  0835               	movf	?_millis+2,w
  1140     02DA  00E8               	movwf	main@currentMillis+2
  1141     02DB  0834               	movf	?_millis+1,w
  1142     02DC  00E7               	movwf	main@currentMillis+1
  1143     02DD  0833               	movf	?_millis,w
  1144     02DE  00E6               	movwf	main@currentMillis
  1145     02DF                     l1867:
  1146                           
  1147                           ;Test_AC.c: 85:         if (currentMillis - previousMillis >= calibrationInterval) {
  1148     02DF  0866               	movf	main@currentMillis,w
  1149     02E0  00CE               	movwf	??_main
  1150     02E1  0867               	movf	main@currentMillis+1,w
  1151     02E2  00CF               	movwf	??_main+1
  1152     02E3  0868               	movf	main@currentMillis+2,w
  1153     02E4  00D0               	movwf	??_main+2
  1154     02E5  0869               	movf	main@currentMillis+3,w
  1155     02E6  00D1               	movwf	??_main+3
  1156     02E7  085E               	movf	main@previousMillis,w
  1157     02E8  02CE               	subwf	??_main,f
  1158     02E9  085F               	movf	main@previousMillis+1,w
  1159     02EA  1C03               	skipc
  1160     02EB  0F5F               	incfsz	main@previousMillis+1,w
  1161     02EC  2AEE               	goto	u1991
  1162     02ED  2AEF               	goto	u1992
  1163     02EE                     u1991:
  1164     02EE  02CF               	subwf	??_main+1,f
  1165     02EF                     u1992:
  1166     02EF  0860               	movf	main@previousMillis+2,w
  1167     02F0  1C03               	skipc
  1168     02F1  0F60               	incfsz	main@previousMillis+2,w
  1169     02F2  2AF4               	goto	u1993
  1170     02F3  2AF5               	goto	u1994
  1171     02F4                     u1993:
  1172     02F4  02D0               	subwf	??_main+2,f
  1173     02F5                     u1994:
  1174     02F5  0861               	movf	main@previousMillis+3,w
  1175     02F6  1C03               	skipc
  1176     02F7  0F61               	incfsz	main@previousMillis+3,w
  1177     02F8  2AFA               	goto	u1995
  1178     02F9  2AFB               	goto	u1996
  1179     02FA                     u1995:
  1180     02FA  02D1               	subwf	??_main+3,f
  1181     02FB                     u1996:
  1182     02FB  0851               	movf	??_main+3,w
  1183     02FC  1D03               	btfss	3,2
  1184     02FD  2B0D               	goto	u2000
  1185     02FE  0850               	movf	??_main+2,w
  1186     02FF  1D03               	btfss	3,2
  1187     0300  2B0D               	goto	u2000
  1188     0301  3027               	movlw	39
  1189     0302  024F               	subwf	??_main+1,w
  1190     0303  1D03               	skipz
  1191     0304  2B09               	goto	u2003
  1192     0305  3010               	movlw	16
  1193     0306  024E               	subwf	??_main,w
  1194     0307  1D03               	skipz
  1195     0308  2B09               	goto	u2003
  1196     0309                     u2003:
  1197     0309  1C03               	btfss	3,0
  1198     030A  2B0C               	goto	u2001
  1199     030B  2B0D               	goto	u2000
  1200     030C                     u2001:
  1201     030C  2B2E               	goto	l1877
  1202     030D                     u2000:
  1203     030D                     l1869:
  1204                           
  1205                           ;Test_AC.c: 86:             previousMillis = currentMillis;
  1206     030D  1283               	bcf	3,5	;RP0=0, select bank0
  1207     030E  1303               	bcf	3,6	;RP1=0, select bank0
  1208     030F  0869               	movf	main@currentMillis+3,w
  1209     0310  00E1               	movwf	main@previousMillis+3
  1210     0311  0868               	movf	main@currentMillis+2,w
  1211     0312  00E0               	movwf	main@previousMillis+2
  1212     0313  0867               	movf	main@currentMillis+1,w
  1213     0314  00DF               	movwf	main@previousMillis+1
  1214     0315  0866               	movf	main@currentMillis,w
  1215     0316  00DE               	movwf	main@previousMillis
  1216     0317                     l1871:
  1217                           
  1218                           ;Test_AC.c: 87:             UART_Write_Text("Recalibrating...\r\n");
  1219     0317  301E               	movlw	(low ((STR_3-__stringbase)| (0+32768)))& (0+255)
  1220     0318  00F3               	movwf	UART_Write_Text@text
  1221     0319  3080               	movlw	128
  1222     031A  00F4               	movwf	UART_Write_Text@text+1
  1223     031B  118A  25C4  118A   	fcall	_UART_Write_Text
  1224     031E                     l1873:
  1225                           
  1226                           ;Test_AC.c: 88:             ACS712_Calibrate(&mySensor);
  1227     031E  30CC               	movlw	low _mySensor
  1228     031F  1283               	bcf	3,5	;RP0=0, select bank0
  1229     0320  1303               	bcf	3,6	;RP1=0, select bank0
  1230     0321  00B3               	movwf	ACS712_Calibrate@sensor
  1231     0322  3000               	movlw	high _mySensor
  1232     0323  00B4               	movwf	ACS712_Calibrate@sensor+1
  1233     0324  118A  2551  118A   	fcall	_ACS712_Calibrate
  1234     0327                     l1875:
  1235                           
  1236                           ;Test_AC.c: 89:             UART_Write_Text("Done.\r\n");
  1237     0327  304C               	movlw	(low ((STR_4-__stringbase)| (0+32768)))& (0+255)
  1238     0328  00F3               	movwf	UART_Write_Text@text
  1239     0329  3080               	movlw	128
  1240     032A  00F4               	movwf	UART_Write_Text@text+1
  1241     032B  118A  25C4  118A   	fcall	_UART_Write_Text
  1242     032E                     l1877:
  1243                           
  1244                           ;Test_AC.c: 92:         unsigned long sum_ma = 0;
  1245     032E  3000               	movlw	0
  1246     032F  1283               	bcf	3,5	;RP0=0, select bank0
  1247     0330  1303               	bcf	3,6	;RP1=0, select bank0
  1248     0331  00E5               	movwf	main@sum_ma+3
  1249     0332  3000               	movlw	0
  1250     0333  00E4               	movwf	main@sum_ma+2
  1251     0334  3000               	movlw	0
  1252     0335  00E3               	movwf	main@sum_ma+1
  1253     0336  3000               	movlw	0
  1254     0337  00E2               	movwf	main@sum_ma
  1255     0338                     l1879:
  1256                           
  1257                           ;Test_AC.c: 93:         unsigned int ma_val;;Test_AC.c: 94:         int i;;Test_AC.c: 97
      +                          :         for(i=0; i<20; i++) {
  1258     0338  01EA               	clrf	main@i
  1259     0339  01EB               	clrf	main@i+1
  1260     033A                     l1885:
  1261                           
  1262                           ;Test_AC.c: 98:             sum_ma += ACS712_ReadAC(&mySensor, 50);
  1263     033A  30CC               	movlw	low _mySensor
  1264     033B  1283               	bcf	3,5	;RP0=0, select bank0
  1265     033C  1303               	bcf	3,6	;RP1=0, select bank0
  1266     033D  00C3               	movwf	ACS712_ReadAC@sensor
  1267     033E  3000               	movlw	high _mySensor
  1268     033F  00C4               	movwf	ACS712_ReadAC@sensor+1
  1269     0340  3032               	movlw	50
  1270     0341  00C5               	movwf	ACS712_ReadAC@frequency
  1271     0342  118A  2023  118A   	fcall	_ACS712_ReadAC
  1272     0345  1283               	bcf	3,5	;RP0=0, select bank0
  1273     0346  1303               	bcf	3,6	;RP1=0, select bank0
  1274     0347  0843               	movf	?_ACS712_ReadAC,w
  1275     0348  00CE               	movwf	??_main
  1276     0349  0844               	movf	?_ACS712_ReadAC+1,w
  1277     034A  00CF               	movwf	??_main+1
  1278     034B  01D0               	clrf	??_main+2
  1279     034C  01D1               	clrf	??_main+3
  1280     034D  084E               	movf	??_main,w
  1281     034E  07E2               	addwf	main@sum_ma,f
  1282     034F  084F               	movf	??_main+1,w
  1283     0350  1103               	clrz
  1284     0351  1803               	skipnc
  1285     0352  3E01               	addlw	1
  1286     0353  1903               	skipnz
  1287     0354  2B56               	goto	u2011
  1288     0355  07E3               	addwf	main@sum_ma+1,f
  1289     0356                     u2011:
  1290     0356  0850               	movf	??_main+2,w
  1291     0357  1103               	clrz
  1292     0358  1803               	skipnc
  1293     0359  3E01               	addlw	1
  1294     035A  1903               	skipnz
  1295     035B  2B5D               	goto	u2012
  1296     035C  07E4               	addwf	main@sum_ma+2,f
  1297     035D                     u2012:
  1298     035D  0851               	movf	??_main+3,w
  1299     035E  1103               	clrz
  1300     035F  1803               	skipnc
  1301     0360  3E01               	addlw	1
  1302     0361  1903               	skipnz
  1303     0362  2B64               	goto	u2013
  1304     0363  07E5               	addwf	main@sum_ma+3,f
  1305     0364                     u2013:
  1306     0364                     l1887:
  1307                           
  1308                           ;Test_AC.c: 99:         }
  1309     0364  3001               	movlw	1
  1310     0365  07EA               	addwf	main@i,f
  1311     0366  1803               	skipnc
  1312     0367  0AEB               	incf	main@i+1,f
  1313     0368  3000               	movlw	0
  1314     0369  07EB               	addwf	main@i+1,f
  1315     036A                     l1889:
  1316     036A  086B               	movf	main@i+1,w
  1317     036B  3A80               	xorlw	128
  1318     036C  00FF               	movwf	btemp+1
  1319     036D  3080               	movlw	128
  1320     036E  027F               	subwf	btemp+1,w
  1321     036F  1D03               	skipz
  1322     0370  2B73               	goto	u2025
  1323     0371  3014               	movlw	20
  1324     0372  026A               	subwf	main@i,w
  1325     0373                     u2025:
  1326     0373  1C03               	skipc
  1327     0374  2B76               	goto	u2021
  1328     0375  2B77               	goto	u2020
  1329     0376                     u2021:
  1330     0376  2B3A               	goto	l1885
  1331     0377                     u2020:
  1332     0377                     l1891:
  1333                           
  1334                           ;Test_AC.c: 101:         ma_val = (unsigned int)(sum_ma / 20);
  1335     0377  3000               	movlw	0
  1336     0378  1283               	bcf	3,5	;RP0=0, select bank0
  1337     0379  1303               	bcf	3,6	;RP1=0, select bank0
  1338     037A  00A8               	movwf	___lldiv@divisor+3
  1339     037B  3000               	movlw	0
  1340     037C  00A7               	movwf	___lldiv@divisor+2
  1341     037D  3000               	movlw	0
  1342     037E  00A6               	movwf	___lldiv@divisor+1
  1343     037F  3014               	movlw	20
  1344     0380  00A5               	movwf	___lldiv@divisor
  1345     0381  0865               	movf	main@sum_ma+3,w
  1346     0382  00AC               	movwf	___lldiv@dividend+3
  1347     0383  0864               	movf	main@sum_ma+2,w
  1348     0384  00AB               	movwf	___lldiv@dividend+2
  1349     0385  0863               	movf	main@sum_ma+1,w
  1350     0386  00AA               	movwf	___lldiv@dividend+1
  1351     0387  0862               	movf	main@sum_ma,w
  1352     0388  00A9               	movwf	___lldiv@dividend
  1353     0389  118A  2668  118A   	fcall	___lldiv
  1354     038C  1283               	bcf	3,5	;RP0=0, select bank0
  1355     038D  1303               	bcf	3,6	;RP1=0, select bank0
  1356     038E  0826               	movf	?___lldiv+1,w
  1357     038F  00EF               	movwf	main@ma_val+1
  1358     0390  0825               	movf	?___lldiv,w
  1359     0391  00EE               	movwf	main@ma_val
  1360     0392                     l1893:
  1361                           
  1362                           ;Test_AC.c: 104:         if (ma_val < 15) ma_val = 0;
  1363     0392  3000               	movlw	0
  1364     0393  026F               	subwf	main@ma_val+1,w
  1365     0394  300F               	movlw	15
  1366     0395  1903               	skipnz
  1367     0396  026E               	subwf	main@ma_val,w
  1368     0397  1803               	skipnc
  1369     0398  2B9A               	goto	u2031
  1370     0399  2B9B               	goto	u2030
  1371     039A                     u2031:
  1372     039A  2B9D               	goto	l1897
  1373     039B                     u2030:
  1374     039B                     l1895:
  1375     039B  01EE               	clrf	main@ma_val
  1376     039C  01EF               	clrf	main@ma_val+1
  1377     039D                     l1897:
  1378                           
  1379                           ;Test_AC.c: 108:         unsigned int amps_whole = ma_val / 1000;
  1380     039D  30E8               	movlw	232
  1381     039E  00F2               	movwf	___lwdiv@divisor
  1382     039F  3003               	movlw	3
  1383     03A0  00F3               	movwf	___lwdiv@divisor+1
  1384     03A1  086F               	movf	main@ma_val+1,w
  1385     03A2  00F5               	movwf	___lwdiv@dividend+1
  1386     03A3  086E               	movf	main@ma_val,w
  1387     03A4  00F4               	movwf	___lwdiv@dividend
  1388     03A5  158A  2772  118A   	fcall	___lwdiv
  1389     03A8  0873               	movf	?___lwdiv+1,w
  1390     03A9  1283               	bcf	3,5	;RP0=0, select bank0
  1391     03AA  1303               	bcf	3,6	;RP1=0, select bank0
  1392     03AB  00DD               	movwf	main@amps_whole+1
  1393     03AC  0872               	movf	?___lwdiv,w
  1394     03AD  00DC               	movwf	main@amps_whole
  1395     03AE                     l1899:
  1396                           
  1397                           ;Test_AC.c: 109:         unsigned int amps_frac = ma_val % 1000;
  1398     03AE  30E8               	movlw	232
  1399     03AF  00F2               	movwf	___lwmod@divisor
  1400     03B0  3003               	movlw	3
  1401     03B1  00F3               	movwf	___lwmod@divisor+1
  1402     03B2  086F               	movf	main@ma_val+1,w
  1403     03B3  00F5               	movwf	___lwmod@dividend+1
  1404     03B4  086E               	movf	main@ma_val,w
  1405     03B5  00F4               	movwf	___lwmod@dividend
  1406     03B6  158A  273A  118A   	fcall	___lwmod
  1407     03B9  0873               	movf	?___lwmod+1,w
  1408     03BA  1283               	bcf	3,5	;RP0=0, select bank0
  1409     03BB  1303               	bcf	3,6	;RP1=0, select bank0
  1410     03BC  00ED               	movwf	main@amps_frac+1
  1411     03BD  0872               	movf	?___lwmod,w
  1412     03BE  00EC               	movwf	main@amps_frac
  1413     03BF                     l1901:
  1414                           
  1415                           ;Test_AC.c: 110:         char buffer[10];;Test_AC.c: 112:         UART_Write_Text("Curre
      +                          nt: ");
  1416     03BF  3042               	movlw	(low ((STR_5-__stringbase)| (0+32768)))& (0+255)
  1417     03C0  00F3               	movwf	UART_Write_Text@text
  1418     03C1  3080               	movlw	128
  1419     03C2  00F4               	movwf	UART_Write_Text@text+1
  1420     03C3  118A  25C4  118A   	fcall	_UART_Write_Text
  1421     03C6                     l1903:
  1422                           
  1423                           ;Test_AC.c: 115:         IntToText(buffer, amps_whole);
  1424     03C6  3052               	movlw	(low (main@buffer| 0))& (0+255)
  1425     03C7  1283               	bcf	3,5	;RP0=0, select bank0
  1426     03C8  1303               	bcf	3,6	;RP1=0, select bank0
  1427     03C9  00A0               	movwf	IntToText@buf
  1428     03CA  085D               	movf	main@amps_whole+1,w
  1429     03CB  00A2               	movwf	IntToText@n+1
  1430     03CC  085C               	movf	main@amps_whole,w
  1431     03CD  00A1               	movwf	IntToText@n
  1432     03CE  118A  24BF  118A   	fcall	_IntToText
  1433     03D1                     l1905:
  1434                           
  1435                           ;Test_AC.c: 116:         UART_Write_Text(buffer);
  1436     03D1  3052               	movlw	(low (main@buffer| 0))& (0+255)
  1437     03D2  00F3               	movwf	UART_Write_Text@text
  1438     03D3  3000               	movlw	0
  1439     03D4  00F4               	movwf	UART_Write_Text@text+1
  1440     03D5  118A  25C4  118A   	fcall	_UART_Write_Text
  1441     03D8                     l1907:
  1442                           
  1443                           ;Test_AC.c: 118:         UART_Write('.');
  1444     03D8  302E               	movlw	46
  1445     03D9  158A  268F  118A   	fcall	_UART_Write
  1446     03DC                     l1909:
  1447                           
  1448                           ;Test_AC.c: 121:         if (amps_frac < 100) UART_Write('0');
  1449     03DC  3000               	movlw	0
  1450     03DD  1283               	bcf	3,5	;RP0=0, select bank0
  1451     03DE  1303               	bcf	3,6	;RP1=0, select bank0
  1452     03DF  026D               	subwf	main@amps_frac+1,w
  1453     03E0  3064               	movlw	100
  1454     03E1  1903               	skipnz
  1455     03E2  026C               	subwf	main@amps_frac,w
  1456     03E3  1803               	skipnc
  1457     03E4  2BE6               	goto	u2041
  1458     03E5  2BE7               	goto	u2040
  1459     03E6                     u2041:
  1460     03E6  2BEB               	goto	l1913
  1461     03E7                     u2040:
  1462     03E7                     l1911:
  1463     03E7  3030               	movlw	48
  1464     03E8  158A  268F  118A   	fcall	_UART_Write
  1465     03EB                     l1913:
  1466                           
  1467                           ;Test_AC.c: 122:         if (amps_frac < 10) UART_Write('0');
  1468     03EB  3000               	movlw	0
  1469     03EC  1283               	bcf	3,5	;RP0=0, select bank0
  1470     03ED  1303               	bcf	3,6	;RP1=0, select bank0
  1471     03EE  026D               	subwf	main@amps_frac+1,w
  1472     03EF  300A               	movlw	10
  1473     03F0  1903               	skipnz
  1474     03F1  026C               	subwf	main@amps_frac,w
  1475     03F2  1803               	skipnc
  1476     03F3  2BF5               	goto	u2051
  1477     03F4  2BF6               	goto	u2050
  1478     03F5                     u2051:
  1479     03F5  2BFA               	goto	l1917
  1480     03F6                     u2050:
  1481     03F6                     l1915:
  1482     03F6  3030               	movlw	48
  1483     03F7  158A  268F  118A   	fcall	_UART_Write
  1484     03FA                     l1917:
  1485                           
  1486                           ;Test_AC.c: 124:         IntToText(buffer, amps_frac);
  1487     03FA  3052               	movlw	(low (main@buffer| 0))& (0+255)
  1488     03FB  1283               	bcf	3,5	;RP0=0, select bank0
  1489     03FC  1303               	bcf	3,6	;RP1=0, select bank0
  1490     03FD  00A0               	movwf	IntToText@buf
  1491     03FE  086D               	movf	main@amps_frac+1,w
  1492     03FF  00A2               	movwf	IntToText@n+1
  1493     0400  086C               	movf	main@amps_frac,w
  1494     0401  00A1               	movwf	IntToText@n
  1495     0402  118A  24BF  118A   	fcall	_IntToText
  1496     0405                     l1919:
  1497                           
  1498                           ;Test_AC.c: 125:         UART_Write_Text(buffer);
  1499     0405  3052               	movlw	(low (main@buffer| 0))& (0+255)
  1500     0406  00F3               	movwf	UART_Write_Text@text
  1501     0407  3000               	movlw	0
  1502     0408  00F4               	movwf	UART_Write_Text@text+1
  1503     0409  118A  25C4  118A   	fcall	_UART_Write_Text
  1504     040C                     l1921:
  1505                           
  1506                           ;Test_AC.c: 127:         UART_Write_Text(" A\r\n");
  1507     040C  3054               	movlw	(low ((STR_6-__stringbase)| (0+32768)))& (0+255)
  1508     040D  00F3               	movwf	UART_Write_Text@text
  1509     040E  3080               	movlw	128
  1510     040F  00F4               	movwf	UART_Write_Text@text+1
  1511     0410  118A  25C4  118A   	fcall	_UART_Write_Text
  1512     0413                     l1923:
  1513                           
  1514                           ;Test_AC.c: 129:         _delay((unsigned long)((100)*(8000000/4000.0)));
  1515     0413  3002               	movlw	2
  1516     0414  1283               	bcf	3,5	;RP0=0, select bank0
  1517     0415  1303               	bcf	3,6	;RP1=0, select bank0
  1518     0416  00D0               	movwf	??_main+2
  1519     0417  3004               	movlw	4
  1520     0418  00CF               	movwf	??_main+1
  1521     0419  30B9               	movlw	185
  1522     041A  00CE               	movwf	??_main
  1523     041B                     u2067:
  1524     041B  0BCE               	decfsz	??_main,f
  1525     041C  2C1B               	goto	u2067
  1526     041D  0BCF               	decfsz	??_main+1,f
  1527     041E  2C1B               	goto	u2067
  1528     041F  0BD0               	decfsz	??_main+2,f
  1529     0420  2C1B               	goto	u2067
  1530     0421  2C22               	nop2
  1531     0422  2AD2               	goto	l1865
  1532     0423  118A  280B         	ljmp	start
  1533     0425                     __end_of_main:
  1534                           
  1535                           	psect	text1
  1536     0EE2                     __ptext1:	
  1537 ;; *************** function _millis *****************
  1538 ;; Defined at:
  1539 ;;		line 59 in file "Timer_lib.c"
  1540 ;; Parameters:    Size  Location     Type
  1541 ;;		None
  1542 ;; Auto vars:     Size  Location     Type
  1543 ;;		None
  1544 ;; Return value:  Size  Location     Type
  1545 ;;                  4   19[BANK0 ] unsigned long 
  1546 ;; Registers used:
  1547 ;;		wreg, status,2, status,0, pclath, cstack
  1548 ;; Tracked objects:
  1549 ;;		On entry : 0/0
  1550 ;;		On exit  : 0/0
  1551 ;;		Unchanged: 0/0
  1552 ;; Data sizes:     COMMON   BANK0   BANK1   BANK3   BANK2
  1553 ;;      Params:         0       4       0       0       0
  1554 ;;      Locals:         0       0       0       0       0
  1555 ;;      Temps:          0       0       0       0       0
  1556 ;;      Totals:         0       4       0       0       0
  1557 ;;Total ram usage:        4 bytes
  1558 ;; Hardware stack levels used: 1
  1559 ;; Hardware stack levels required when called: 2
  1560 ;; This function calls:
  1561 ;;		___lldiv
  1562 ;;		_micros
  1563 ;; This function is called by:
  1564 ;;		_main
  1565 ;; This function uses a non-reentrant model
  1566 ;;
  1567                           
  1568     0EE2                     _millis:	
  1569                           ;psect for function _millis
  1570                           
  1571     0EE2                     l1843:	
  1572                           ;incstack = 0
  1573                           ; Regs used in _millis: [wreg+status,2+status,0+pclath+cstack]
  1574                           
  1575                           
  1576                           ;Timer_lib.c: 60:     return micros() / 1000;
  1577     0EE2  3000               	movlw	0
  1578     0EE3  1283               	bcf	3,5	;RP0=0, select bank0
  1579     0EE4  1303               	bcf	3,6	;RP1=0, select bank0
  1580     0EE5  00A8               	movwf	___lldiv@divisor+3
  1581     0EE6  3000               	movlw	0
  1582     0EE7  00A7               	movwf	___lldiv@divisor+2
  1583     0EE8  3003               	movlw	3
  1584     0EE9  00A6               	movwf	___lldiv@divisor+1
  1585     0EEA  30E8               	movlw	232
  1586     0EEB  00A5               	movwf	___lldiv@divisor
  1587     0EEC  118A  2790  158A   	fcall	_micros
  1588     0EEF  0875               	movf	?_micros+3,w
  1589     0EF0  1283               	bcf	3,5	;RP0=0, select bank0
  1590     0EF1  1303               	bcf	3,6	;RP1=0, select bank0
  1591     0EF2  00AC               	movwf	___lldiv@dividend+3
  1592     0EF3  0874               	movf	?_micros+2,w
  1593     0EF4  00AB               	movwf	___lldiv@dividend+2
  1594     0EF5  0873               	movf	?_micros+1,w
  1595     0EF6  00AA               	movwf	___lldiv@dividend+1
  1596     0EF7  0872               	movf	?_micros,w
  1597     0EF8  00A9               	movwf	___lldiv@dividend
  1598     0EF9  118A  2668  158A   	fcall	___lldiv
  1599     0EFC  1283               	bcf	3,5	;RP0=0, select bank0
  1600     0EFD  1303               	bcf	3,6	;RP1=0, select bank0
  1601     0EFE  0828               	movf	?___lldiv+3,w
  1602     0EFF  00B6               	movwf	?_millis+3
  1603     0F00  0827               	movf	?___lldiv+2,w
  1604     0F01  00B5               	movwf	?_millis+2
  1605     0F02  0826               	movf	?___lldiv+1,w
  1606     0F03  00B4               	movwf	?_millis+1
  1607     0F04  0825               	movf	?___lldiv,w
  1608     0F05  00B3               	movwf	?_millis
  1609     0F06                     l208:
  1610     0F06  0008               	return
  1611     0F07                     __end_of_millis:
  1612                           
  1613                           	psect	text2
  1614     05C4                     __ptext2:	
  1615 ;; *************** function _UART_Write_Text *****************
  1616 ;; Defined at:
  1617 ;;		line 44 in file "UART_Lib.c"
  1618 ;; Parameters:    Size  Location     Type
  1619 ;;  text            2    3[COMMON] PTR unsigned char 
  1620 ;;		 -> STR_6(5), main@buffer(10), STR_5(10), STR_4(8), 
  1621 ;;		 -> STR_3(19), STR_2(17), STR_1(25), 
  1622 ;; Auto vars:     Size  Location     Type
  1623 ;;  i               2    8[COMMON] int 
  1624 ;; Return value:  Size  Location     Type
  1625 ;;                  1    wreg      void 
  1626 ;; Registers used:
  1627 ;;		wreg, fsr0l, fsr0h, status,2, status,0, btemp+1, pclath, cstack
  1628 ;; Tracked objects:
  1629 ;;		On entry : 0/0
  1630 ;;		On exit  : 0/0
  1631 ;;		Unchanged: 0/0
  1632 ;; Data sizes:     COMMON   BANK0   BANK1   BANK3   BANK2
  1633 ;;      Params:         2       0       0       0       0
  1634 ;;      Locals:         2       0       0       0       0
  1635 ;;      Temps:          3       0       0       0       0
  1636 ;;      Totals:         7       0       0       0       0
  1637 ;;Total ram usage:        7 bytes
  1638 ;; Hardware stack levels used: 1
  1639 ;; Hardware stack levels required when called: 2
  1640 ;; This function calls:
  1641 ;;		_UART_Write
  1642 ;; This function is called by:
  1643 ;;		_main
  1644 ;; This function uses a non-reentrant model
  1645 ;;
  1646                           
  1647     05C4                     _UART_Write_Text:	
  1648                           ;psect for function _UART_Write_Text
  1649                           
  1650     05C4                     l1835:	
  1651                           ;incstack = 0
  1652                           ; Regs used in _UART_Write_Text: [wreg-fsr0h+status,2+status,0+btemp+1+pclath+cstack]
  1653                           
  1654                           
  1655                           ;UART_Lib.c: 45:     int i;;UART_Lib.c: 46:     for(i = 0; text[i] != '\0'; i++) {
  1656     05C4  01F8               	clrf	UART_Write_Text@i
  1657     05C5  01F9               	clrf	UART_Write_Text@i+1
  1658     05C6  2DE5               	goto	l1841
  1659     05C7                     l1837:
  1660                           
  1661                           ;UART_Lib.c: 47:         UART_Write(text[i]);
  1662     05C7  0878               	movf	UART_Write_Text@i,w
  1663     05C8  0773               	addwf	UART_Write_Text@text,w
  1664     05C9  00F6               	movwf	??_UART_Write_Text+1
  1665     05CA  0874               	movf	UART_Write_Text@text+1,w
  1666     05CB  00F5               	movwf	??_UART_Write_Text
  1667     05CC  1803               	skipnc
  1668     05CD  0AF5               	incf	??_UART_Write_Text,f
  1669     05CE  1FF8               	btfss	UART_Write_Text@i,7
  1670     05CF  2DD1               	goto	u1960
  1671     05D0  03F5               	decf	??_UART_Write_Text,f
  1672     05D1                     u1960:
  1673     05D1  0875               	movf	??_UART_Write_Text,w
  1674     05D2  00F7               	movwf	??_UART_Write_Text+2
  1675     05D3  0877               	movf	??_UART_Write_Text+2,w
  1676     05D4  1283               	bcf	3,5	;RP0=0, select bank0
  1677     05D5  1303               	bcf	3,6	;RP1=0, select bank0
  1678     05D6  00FF               	movwf	btemp+1
  1679     05D7  0876               	movf	??_UART_Write_Text+1,w
  1680     05D8  0084               	movwf	4
  1681     05D9  118A  2600  118A   	fcall	stringtab
  1682     05DC  158A  268F  118A   	fcall	_UART_Write
  1683     05DF                     l1839:
  1684                           
  1685                           ;UART_Lib.c: 48:     }
  1686     05DF  3001               	movlw	1
  1687     05E0  07F8               	addwf	UART_Write_Text@i,f
  1688     05E1  1803               	skipnc
  1689     05E2  0AF9               	incf	UART_Write_Text@i+1,f
  1690     05E3  3000               	movlw	0
  1691     05E4  07F9               	addwf	UART_Write_Text@i+1,f
  1692     05E5                     l1841:
  1693     05E5  0878               	movf	UART_Write_Text@i,w
  1694     05E6  0773               	addwf	UART_Write_Text@text,w
  1695     05E7  00F6               	movwf	??_UART_Write_Text+1
  1696     05E8  0874               	movf	UART_Write_Text@text+1,w
  1697     05E9  00F5               	movwf	??_UART_Write_Text
  1698     05EA  1803               	skipnc
  1699     05EB  0AF5               	incf	??_UART_Write_Text,f
  1700     05EC  1FF8               	btfss	UART_Write_Text@i,7
  1701     05ED  2DEF               	goto	u1970
  1702     05EE  03F5               	decf	??_UART_Write_Text,f
  1703     05EF                     u1970:
  1704     05EF  0875               	movf	??_UART_Write_Text,w
  1705     05F0  00F7               	movwf	??_UART_Write_Text+2
  1706     05F1  0877               	movf	??_UART_Write_Text+2,w
  1707     05F2  1283               	bcf	3,5	;RP0=0, select bank0
  1708     05F3  1303               	bcf	3,6	;RP1=0, select bank0
  1709     05F4  00FF               	movwf	btemp+1
  1710     05F5  0876               	movf	??_UART_Write_Text+1,w
  1711     05F6  0084               	movwf	4
  1712     05F7  118A  2600  118A   	fcall	stringtab
  1713     05FA  3A00               	xorlw	0
  1714     05FB  1D03               	skipz
  1715     05FC  2DFE               	goto	u1981
  1716     05FD  2DFF               	goto	u1980
  1717     05FE                     u1981:
  1718     05FE  2DC7               	goto	l1837
  1719     05FF                     u1980:
  1720     05FF                     l254:
  1721     05FF  0008               	return
  1722     0600                     __end_of_UART_Write_Text:
  1723                           
  1724                           	psect	text3
  1725     0E8F                     __ptext3:	
  1726 ;; *************** function _UART_Write *****************
  1727 ;; Defined at:
  1728 ;;		line 27 in file "UART_Lib.c"
  1729 ;; Parameters:    Size  Location     Type
  1730 ;;  data            1    wreg     unsigned char 
  1731 ;; Auto vars:     Size  Location     Type
  1732 ;;  data            1    2[COMMON] unsigned char 
  1733 ;; Return value:  Size  Location     Type
  1734 ;;                  1    wreg      void 
  1735 ;; Registers used:
  1736 ;;		wreg
  1737 ;; Tracked objects:
  1738 ;;		On entry : 0/0
  1739 ;;		On exit  : 0/0
  1740 ;;		Unchanged: 0/0
  1741 ;; Data sizes:     COMMON   BANK0   BANK1   BANK3   BANK2
  1742 ;;      Params:         0       0       0       0       0
  1743 ;;      Locals:         1       0       0       0       0
  1744 ;;      Temps:          0       0       0       0       0
  1745 ;;      Totals:         1       0       0       0       0
  1746 ;;Total ram usage:        1 bytes
  1747 ;; Hardware stack levels used: 1
  1748 ;; Hardware stack levels required when called: 1
  1749 ;; This function calls:
  1750 ;;		Nothing
  1751 ;; This function is called by:
  1752 ;;		_main
  1753 ;;		_UART_Write_Text
  1754 ;; This function uses a non-reentrant model
  1755 ;;
  1756                           
  1757     0E8F                     _UART_Write:	
  1758                           ;psect for function _UART_Write
  1759                           
  1760                           
  1761                           ;incstack = 0
  1762                           ; Regs used in _UART_Write: [wreg]
  1763                           ;UART_Write@data stored from wreg
  1764     0E8F  00F2               	movwf	UART_Write@data
  1765     0E90                     l1597:
  1766     0E90                     l236:	
  1767                           ;UART_Lib.c: 29:     while(!TRMT);
  1768                           
  1769     0E90  1683               	bsf	3,5	;RP0=1, select bank1
  1770     0E91  1303               	bcf	3,6	;RP1=0, select bank1
  1771     0E92  1C98               	btfss	24,1	;volatile
  1772     0E93  2E95               	goto	u1541
  1773     0E94  2E96               	goto	u1540
  1774     0E95                     u1541:
  1775     0E95  2E90               	goto	l236
  1776     0E96                     u1540:
  1777     0E96                     l1599:
  1778                           
  1779                           ;UART_Lib.c: 30:     TXREG = data;
  1780     0E96  0872               	movf	UART_Write@data,w
  1781     0E97  1283               	bcf	3,5	;RP0=0, select bank0
  1782     0E98  1303               	bcf	3,6	;RP1=0, select bank0
  1783     0E99  0099               	movwf	25	;volatile
  1784     0E9A                     l239:
  1785     0E9A  0008               	return
  1786     0E9B                     __end_of_UART_Write:
  1787                           
  1788                           	psect	text4
  1789     0E9B                     __ptext4:	
  1790 ;; *************** function _UART_Init *****************
  1791 ;; Defined at:
  1792 ;;		line 4 in file "UART_Lib.c"
  1793 ;; Parameters:    Size  Location     Type
  1794 ;;		None
  1795 ;; Auto vars:     Size  Location     Type
  1796 ;;		None
  1797 ;; Return value:  Size  Location     Type
  1798 ;;                  1    wreg      void 
  1799 ;; Registers used:
  1800 ;;		None
  1801 ;; Tracked objects:
  1802 ;;		On entry : 0/0
  1803 ;;		On exit  : 0/0
  1804 ;;		Unchanged: 0/0
  1805 ;; Data sizes:     COMMON   BANK0   BANK1   BANK3   BANK2
  1806 ;;      Params:         0       0       0       0       0
  1807 ;;      Locals:         0       0       0       0       0
  1808 ;;      Temps:          0       0       0       0       0
  1809 ;;      Totals:         0       0       0       0       0
  1810 ;;Total ram usage:        0 bytes
  1811 ;; Hardware stack levels used: 1
  1812 ;; Hardware stack levels required when called: 1
  1813 ;; This function calls:
  1814 ;;		Nothing
  1815 ;; This function is called by:
  1816 ;;		_main
  1817 ;; This function uses a non-reentrant model
  1818 ;;
  1819                           
  1820     0E9B                     _UART_Init:	
  1821                           ;psect for function _UART_Init
  1822                           
  1823     0E9B                     l1815:	
  1824                           ;incstack = 0
  1825                           ; Regs used in _UART_Init: []
  1826                           
  1827                           
  1828                           ;UART_Lib.c: 10:     BRGH = 1;
  1829     0E9B  1683               	bsf	3,5	;RP0=1, select bank1
  1830     0E9C  1303               	bcf	3,6	;RP1=0, select bank1
  1831     0E9D  1518               	bsf	24,2	;volatile
  1832                           
  1833                           ;UART_Lib.c: 11:     SPBRG = 51;
  1834     0E9E  3033               	movlw	51
  1835     0E9F  0099               	movwf	25	;volatile
  1836                           
  1837                           ;UART_Lib.c: 15:     TRISBbits.TRISB2 = 1;
  1838     0EA0  1506               	bsf	6,2	;volatile
  1839                           
  1840                           ;UART_Lib.c: 16:     TRISBbits.TRISB5 = 0;
  1841     0EA1  1286               	bcf	6,5	;volatile
  1842                           
  1843                           ;UART_Lib.c: 19:     SYNC = 0;
  1844     0EA2  1218               	bcf	24,4	;volatile
  1845                           
  1846                           ;UART_Lib.c: 20:     SPEN = 1;
  1847     0EA3  1283               	bcf	3,5	;RP0=0, select bank0
  1848     0EA4  1303               	bcf	3,6	;RP1=0, select bank0
  1849     0EA5  1798               	bsf	24,7	;volatile
  1850                           
  1851                           ;UART_Lib.c: 23:     TXEN = 1;
  1852     0EA6  1683               	bsf	3,5	;RP0=1, select bank1
  1853     0EA7  1303               	bcf	3,6	;RP1=0, select bank1
  1854     0EA8  1698               	bsf	24,5	;volatile
  1855                           
  1856                           ;UART_Lib.c: 24:     CREN = 1;
  1857     0EA9  1283               	bcf	3,5	;RP0=0, select bank0
  1858     0EAA  1303               	bcf	3,6	;RP1=0, select bank0
  1859     0EAB  1618               	bsf	24,4	;volatile
  1860     0EAC                     l233:
  1861     0EAC  0008               	return
  1862     0EAD                     __end_of_UART_Init:
  1863                           
  1864                           	psect	text5
  1865     07DF                     __ptext5:	
  1866 ;; *************** function _Time_Init *****************
  1867 ;; Defined at:
  1868 ;;		line 27 in file "Timer_lib.c"
  1869 ;; Parameters:    Size  Location     Type
  1870 ;;  mhz             1    wreg     unsigned char 
  1871 ;; Auto vars:     Size  Location     Type
  1872 ;;  mhz             1    2[COMMON] unsigned char 
  1873 ;; Return value:  Size  Location     Type
  1874 ;;                  1    wreg      void 
  1875 ;; Registers used:
  1876 ;;		wreg, status,2, status,0
  1877 ;; Tracked objects:
  1878 ;;		On entry : 0/0
  1879 ;;		On exit  : 0/0
  1880 ;;		Unchanged: 0/0
  1881 ;; Data sizes:     COMMON   BANK0   BANK1   BANK3   BANK2
  1882 ;;      Params:         0       0       0       0       0
  1883 ;;      Locals:         1       0       0       0       0
  1884 ;;      Temps:          0       0       0       0       0
  1885 ;;      Totals:         1       0       0       0       0
  1886 ;;Total ram usage:        1 bytes
  1887 ;; Hardware stack levels used: 1
  1888 ;; Hardware stack levels required when called: 1
  1889 ;; This function calls:
  1890 ;;		Nothing
  1891 ;; This function is called by:
  1892 ;;		_main
  1893 ;; This function uses a non-reentrant model
  1894 ;;
  1895                           
  1896     07DF                     _Time_Init:	
  1897                           ;psect for function _Time_Init
  1898                           
  1899                           
  1900                           ;incstack = 0
  1901                           ; Regs used in _Time_Init: [wreg+status,2+status,0]
  1902                           ;Time_Init@mhz stored from wreg
  1903     07DF  00F2               	movwf	Time_Init@mhz
  1904     07E0                     l1819:
  1905                           
  1906                           ;Timer_lib.c: 29:     if (mhz == 4 || mhz == 8) {
  1907     07E0  3004               	movlw	4
  1908     07E1  0672               	xorwf	Time_Init@mhz,w
  1909     07E2  1903               	btfsc	3,2
  1910     07E3  2FE5               	goto	u1941
  1911     07E4  2FE6               	goto	u1940
  1912     07E5                     u1941:
  1913     07E5  2FEC               	goto	l1823
  1914     07E6                     u1940:
  1915     07E6                     l1821:
  1916     07E6  3008               	movlw	8
  1917     07E7  0672               	xorwf	Time_Init@mhz,w
  1918     07E8  1D03               	btfss	3,2
  1919     07E9  2FEB               	goto	u1951
  1920     07EA  2FEC               	goto	u1950
  1921     07EB                     u1951:
  1922     07EB  2FEE               	goto	l1825
  1923     07EC                     u1950:
  1924     07EC                     l1823:
  1925                           
  1926                           ;Timer_lib.c: 30:         current_freq_mhz = mhz;
  1927     07EC  0872               	movf	Time_Init@mhz,w
  1928     07ED  00FB               	movwf	_current_freq_mhz	;volatile
  1929     07EE                     l1825:
  1930                           
  1931                           ;Timer_lib.c: 33:     OPTION_REG = 0b00001000;
  1932     07EE  3008               	movlw	8
  1933     07EF  1683               	bsf	3,5	;RP0=1, select bank1
  1934     07F0  1303               	bcf	3,6	;RP1=0, select bank1
  1935     07F1  0081               	movwf	1	;volatile
  1936     07F2                     l1827:
  1937                           
  1938                           ;Timer_lib.c: 34:     TMR0 = 0;
  1939     07F2  1283               	bcf	3,5	;RP0=0, select bank0
  1940     07F3  1303               	bcf	3,6	;RP1=0, select bank0
  1941     07F4  0181               	clrf	1	;volatile
  1942     07F5                     l1829:
  1943                           
  1944                           ;Timer_lib.c: 35:     TMR0IF = 0;
  1945     07F5  110B               	bcf	11,2	;volatile
  1946     07F6                     l1831:
  1947                           
  1948                           ;Timer_lib.c: 36:     TMR0IE = 1;
  1949     07F6  168B               	bsf	11,5	;volatile
  1950     07F7                     l1833:
  1951                           
  1952                           ;Timer_lib.c: 37:     GIE = 1;
  1953     07F7  178B               	bsf	11,7	;volatile
  1954     07F8                     l198:
  1955     07F8  0008               	return
  1956     07F9                     __end_of_Time_Init:
  1957                           
  1958                           	psect	text6
  1959     04BF                     __ptext6:	
  1960 ;; *************** function _IntToText *****************
  1961 ;; Defined at:
  1962 ;;		line 32 in file "Test_AC.c"
  1963 ;; Parameters:    Size  Location     Type
  1964 ;;  buf             1    0[BANK0 ] PTR unsigned char 
  1965 ;;		 -> main@buffer(10), 
  1966 ;;  n               2    1[BANK0 ] unsigned int 
  1967 ;; Auto vars:     Size  Location     Type
  1968 ;;  temp            1    3[BANK0 ] unsigned char 
  1969 ;;  end             2    8[BANK0 ] int 
  1970 ;;  start           2    6[BANK0 ] int 
  1971 ;;  i               2    4[BANK0 ] int 
  1972 ;; Return value:  Size  Location     Type
  1973 ;;                  1    wreg      void 
  1974 ;; Registers used:
  1975 ;;		wreg, fsr0l, fsr0h, status,2, status,0, btemp+1, pclath, cstack
  1976 ;; Tracked objects:
  1977 ;;		On entry : 0/0
  1978 ;;		On exit  : 0/0
  1979 ;;		Unchanged: 0/0
  1980 ;; Data sizes:     COMMON   BANK0   BANK1   BANK3   BANK2
  1981 ;;      Params:         0       3       0       0       0
  1982 ;;      Locals:         0       7       0       0       0
  1983 ;;      Temps:          2       0       0       0       0
  1984 ;;      Totals:         2      10       0       0       0
  1985 ;;Total ram usage:       12 bytes
  1986 ;; Hardware stack levels used: 1
  1987 ;; Hardware stack levels required when called: 2
  1988 ;; This function calls:
  1989 ;;		___lwdiv
  1990 ;;		___lwmod
  1991 ;; This function is called by:
  1992 ;;		_main
  1993 ;; This function uses a non-reentrant model
  1994 ;;
  1995                           
  1996     04BF                     _IntToText:	
  1997                           ;psect for function _IntToText
  1998                           
  1999     04BF                     l1779:	
  2000                           ;incstack = 0
  2001                           ; Regs used in _IntToText: [wreg-fsr0h+status,2+status,0+btemp+1+pclath+cstack]
  2002                           
  2003                           
  2004                           ;Test_AC.c: 33:     int i = 0;
  2005     04BF  1283               	bcf	3,5	;RP0=0, select bank0
  2006     04C0  1303               	bcf	3,6	;RP1=0, select bank0
  2007     04C1  01A4               	clrf	IntToText@i
  2008     04C2  01A5               	clrf	IntToText@i+1
  2009     04C3                     l1781:
  2010                           
  2011                           ;Test_AC.c: 35:     if (n == 0) {
  2012     04C3  0821               	movf	IntToText@n,w
  2013     04C4  0422               	iorwf	IntToText@n+1,w
  2014     04C5  1D03               	btfss	3,2
  2015     04C6  2CC8               	goto	u1911
  2016     04C7  2CC9               	goto	u1910
  2017     04C8                     u1911:
  2018     04C8  2CFF               	goto	l1795
  2019     04C9                     u1910:
  2020     04C9                     l1783:
  2021                           
  2022                           ;Test_AC.c: 36:         buf[0] = '0';
  2023     04C9  0820               	movf	IntToText@buf,w
  2024     04CA  0084               	movwf	4
  2025     04CB  3030               	movlw	48
  2026     04CC  1383               	bcf	3,7	;select IRP bank0
  2027     04CD  0080               	movwf	0
  2028     04CE                     l1785:
  2029                           
  2030                           ;Test_AC.c: 37:         buf[1] = '\0';
  2031     04CE  0A20               	incf	IntToText@buf,w
  2032     04CF  0084               	movwf	4
  2033     04D0  0180               	clrf	0
  2034     04D1  2D50               	goto	l66
  2035     04D2                     l1789:
  2036                           
  2037                           ;Test_AC.c: 43:         buf[i++] = (char)((n % 10) + '0');
  2038     04D2  0824               	movf	IntToText@i,w
  2039     04D3  0720               	addwf	IntToText@buf,w
  2040     04D4  00F9               	movwf	??_IntToText
  2041     04D5  0879               	movf	??_IntToText,w
  2042     04D6  0084               	movwf	4
  2043     04D7  300A               	movlw	10
  2044     04D8  00F2               	movwf	___lwmod@divisor
  2045     04D9  3000               	movlw	0
  2046     04DA  00F3               	movwf	___lwmod@divisor+1
  2047     04DB  0822               	movf	IntToText@n+1,w
  2048     04DC  00F5               	movwf	___lwmod@dividend+1
  2049     04DD  0821               	movf	IntToText@n,w
  2050     04DE  00F4               	movwf	___lwmod@dividend
  2051     04DF  158A  273A  118A   	fcall	___lwmod
  2052     04E2  0872               	movf	?___lwmod,w
  2053     04E3  3E30               	addlw	48
  2054     04E4  1383               	bcf	3,7	;select IRP bank0
  2055     04E5  0080               	movwf	0
  2056     04E6                     l1791:
  2057     04E6  3001               	movlw	1
  2058     04E7  1283               	bcf	3,5	;RP0=0, select bank0
  2059     04E8  1303               	bcf	3,6	;RP1=0, select bank0
  2060     04E9  07A4               	addwf	IntToText@i,f
  2061     04EA  1803               	skipnc
  2062     04EB  0AA5               	incf	IntToText@i+1,f
  2063     04EC  3000               	movlw	0
  2064     04ED  07A5               	addwf	IntToText@i+1,f
  2065     04EE                     l1793:
  2066                           
  2067                           ;Test_AC.c: 44:         n /= 10;
  2068     04EE  300A               	movlw	10
  2069     04EF  00F2               	movwf	___lwdiv@divisor
  2070     04F0  3000               	movlw	0
  2071     04F1  00F3               	movwf	___lwdiv@divisor+1
  2072     04F2  0822               	movf	IntToText@n+1,w
  2073     04F3  00F5               	movwf	___lwdiv@dividend+1
  2074     04F4  0821               	movf	IntToText@n,w
  2075     04F5  00F4               	movwf	___lwdiv@dividend
  2076     04F6  158A  2772  118A   	fcall	___lwdiv
  2077     04F9  0873               	movf	?___lwdiv+1,w
  2078     04FA  1283               	bcf	3,5	;RP0=0, select bank0
  2079     04FB  1303               	bcf	3,6	;RP1=0, select bank0
  2080     04FC  00A2               	movwf	IntToText@n+1
  2081     04FD  0872               	movf	?___lwdiv,w
  2082     04FE  00A1               	movwf	IntToText@n
  2083     04FF                     l1795:
  2084                           
  2085                           ;Test_AC.c: 42:     while (n > 0) {
  2086     04FF  0821               	movf	IntToText@n,w
  2087     0500  0422               	iorwf	IntToText@n+1,w
  2088     0501  1D03               	btfss	3,2
  2089     0502  2D04               	goto	u1921
  2090     0503  2D05               	goto	u1920
  2091     0504                     u1921:
  2092     0504  2CD2               	goto	l1789
  2093     0505                     u1920:
  2094     0505                     l1797:
  2095                           
  2096                           ;Test_AC.c: 47:     buf[i] = '\0';
  2097     0505  0824               	movf	IntToText@i,w
  2098     0506  0720               	addwf	IntToText@buf,w
  2099     0507  00F9               	movwf	??_IntToText
  2100     0508  0879               	movf	??_IntToText,w
  2101     0509  0084               	movwf	4
  2102     050A  1383               	bcf	3,7	;select IRP bank0
  2103     050B  0180               	clrf	0
  2104     050C                     l1799:
  2105                           
  2106                           ;Test_AC.c: 50:     int start = 0;
  2107     050C  01A6               	clrf	IntToText@start
  2108     050D  01A7               	clrf	IntToText@start+1
  2109     050E                     l1801:
  2110                           
  2111                           ;Test_AC.c: 51:     int end = i - 1;
  2112     050E  0824               	movf	IntToText@i,w
  2113     050F  3EFF               	addlw	255
  2114     0510  00A8               	movwf	IntToText@end
  2115     0511  0825               	movf	IntToText@i+1,w
  2116     0512  1803               	skipnc
  2117     0513  3E01               	addlw	1
  2118     0514  3EFF               	addlw	255
  2119     0515  00A9               	movwf	IntToText@end+1
  2120                           
  2121                           ;Test_AC.c: 52:     while (start < end) {
  2122     0516  2D42               	goto	l1813
  2123     0517                     l1803:
  2124                           
  2125                           ;Test_AC.c: 53:         char temp = buf[start];
  2126     0517  1283               	bcf	3,5	;RP0=0, select bank0
  2127     0518  1303               	bcf	3,6	;RP1=0, select bank0
  2128     0519  0826               	movf	IntToText@start,w
  2129     051A  0720               	addwf	IntToText@buf,w
  2130     051B  00F9               	movwf	??_IntToText
  2131     051C  0879               	movf	??_IntToText,w
  2132     051D  0084               	movwf	4
  2133     051E  1383               	bcf	3,7	;select IRP bank0
  2134     051F  0800               	movf	0,w
  2135     0520  00A3               	movwf	IntToText@temp
  2136     0521                     l1805:
  2137                           
  2138                           ;Test_AC.c: 54:         buf[start] = buf[end];
  2139     0521  0828               	movf	IntToText@end,w
  2140     0522  0720               	addwf	IntToText@buf,w
  2141     0523  00F9               	movwf	??_IntToText
  2142     0524  0879               	movf	??_IntToText,w
  2143     0525  0084               	movwf	4
  2144     0526  0800               	movf	0,w
  2145     0527  00FF               	movwf	btemp+1
  2146     0528  0826               	movf	IntToText@start,w
  2147     0529  0720               	addwf	IntToText@buf,w
  2148     052A  00FA               	movwf	??_IntToText+1
  2149     052B  087A               	movf	??_IntToText+1,w
  2150     052C  0084               	movwf	4
  2151     052D  087F               	movf	btemp+1,w
  2152     052E  0080               	movwf	0
  2153     052F                     l1807:
  2154                           
  2155                           ;Test_AC.c: 55:         buf[end] = temp;
  2156     052F  0828               	movf	IntToText@end,w
  2157     0530  0720               	addwf	IntToText@buf,w
  2158     0531  00F9               	movwf	??_IntToText
  2159     0532  0879               	movf	??_IntToText,w
  2160     0533  0084               	movwf	4
  2161     0534  0823               	movf	IntToText@temp,w
  2162     0535  0080               	movwf	0
  2163     0536                     l1809:
  2164                           
  2165                           ;Test_AC.c: 56:         start++;
  2166     0536  3001               	movlw	1
  2167     0537  07A6               	addwf	IntToText@start,f
  2168     0538  1803               	skipnc
  2169     0539  0AA7               	incf	IntToText@start+1,f
  2170     053A  3000               	movlw	0
  2171     053B  07A7               	addwf	IntToText@start+1,f
  2172     053C                     l1811:
  2173                           
  2174                           ;Test_AC.c: 57:         end--;
  2175     053C  30FF               	movlw	255
  2176     053D  07A8               	addwf	IntToText@end,f
  2177     053E  1803               	skipnc
  2178     053F  0AA9               	incf	IntToText@end+1,f
  2179     0540  30FF               	movlw	255
  2180     0541  07A9               	addwf	IntToText@end+1,f
  2181     0542                     l1813:
  2182                           
  2183                           ;Test_AC.c: 52:     while (start < end) {
  2184     0542  0827               	movf	IntToText@start+1,w
  2185     0543  3A80               	xorlw	128
  2186     0544  00F9               	movwf	??_IntToText
  2187     0545  0829               	movf	IntToText@end+1,w
  2188     0546  3A80               	xorlw	128
  2189     0547  0279               	subwf	??_IntToText,w
  2190     0548  1D03               	skipz
  2191     0549  2D4C               	goto	u1935
  2192     054A  0828               	movf	IntToText@end,w
  2193     054B  0226               	subwf	IntToText@start,w
  2194     054C                     u1935:
  2195     054C  1C03               	skipc
  2196     054D  2D4F               	goto	u1931
  2197     054E  2D50               	goto	u1930
  2198     054F                     u1931:
  2199     054F  2D17               	goto	l1803
  2200     0550                     u1930:
  2201     0550                     l66:
  2202     0550  0008               	return
  2203     0551                     __end_of_IntToText:
  2204                           
  2205                           	psect	text7
  2206     0F3A                     __ptext7:	
  2207 ;; *************** function ___lwmod *****************
  2208 ;; Defined at:
  2209 ;;		line 5 in file "C:\Program Files\Microchip\xc8\v3.00\pic\sources\c99\common\lwmod.c"
  2210 ;; Parameters:    Size  Location     Type
  2211 ;;  divisor         2    2[COMMON] unsigned int 
  2212 ;;  dividend        2    4[COMMON] unsigned int 
  2213 ;; Auto vars:     Size  Location     Type
  2214 ;;  counter         1    6[COMMON] unsigned char 
  2215 ;; Return value:  Size  Location     Type
  2216 ;;                  2    2[COMMON] unsigned int 
  2217 ;; Registers used:
  2218 ;;		wreg, status,2, status,0
  2219 ;; Tracked objects:
  2220 ;;		On entry : 0/0
  2221 ;;		On exit  : 0/0
  2222 ;;		Unchanged: 0/0
  2223 ;; Data sizes:     COMMON   BANK0   BANK1   BANK3   BANK2
  2224 ;;      Params:         4       0       0       0       0
  2225 ;;      Locals:         1       0       0       0       0
  2226 ;;      Temps:          0       0       0       0       0
  2227 ;;      Totals:         5       0       0       0       0
  2228 ;;Total ram usage:        5 bytes
  2229 ;; Hardware stack levels used: 1
  2230 ;; Hardware stack levels required when called: 1
  2231 ;; This function calls:
  2232 ;;		Nothing
  2233 ;; This function is called by:
  2234 ;;		_IntToText
  2235 ;;		_main
  2236 ;; This function uses a non-reentrant model
  2237 ;;
  2238                           
  2239     0F3A                     ___lwmod:	
  2240                           ;psect for function ___lwmod
  2241                           
  2242     0F3A                     l1685:	
  2243                           ;incstack = 0
  2244                           ; Regs used in ___lwmod: [wreg+status,2+status,0]
  2245                           
  2246     0F3A  0872               	movf	___lwmod@divisor,w
  2247     0F3B  0473               	iorwf	___lwmod@divisor+1,w
  2248     0F3C  1903               	btfsc	3,2
  2249     0F3D  2F3F               	goto	u1771
  2250     0F3E  2F40               	goto	u1770
  2251     0F3F                     u1771:
  2252     0F3F  2F6D               	goto	l1703
  2253     0F40                     u1770:
  2254     0F40                     l1687:
  2255     0F40  3001               	movlw	1
  2256     0F41  00F6               	movwf	___lwmod@counter
  2257     0F42  2F4C               	goto	l1693
  2258     0F43                     l1689:
  2259     0F43  3001               	movlw	1
  2260     0F44                     u1785:
  2261     0F44  1003               	clrc
  2262     0F45  0DF2               	rlf	___lwmod@divisor,f
  2263     0F46  0DF3               	rlf	___lwmod@divisor+1,f
  2264     0F47  3EFF               	addlw	-1
  2265     0F48  1D03               	skipz
  2266     0F49  2F44               	goto	u1785
  2267     0F4A                     l1691:
  2268     0F4A  3001               	movlw	1
  2269     0F4B  07F6               	addwf	___lwmod@counter,f
  2270     0F4C                     l1693:
  2271     0F4C  1FF3               	btfss	___lwmod@divisor+1,7
  2272     0F4D  2F4F               	goto	u1791
  2273     0F4E  2F50               	goto	u1790
  2274     0F4F                     u1791:
  2275     0F4F  2F43               	goto	l1689
  2276     0F50                     u1790:
  2277     0F50                     l1695:
  2278     0F50  0873               	movf	___lwmod@divisor+1,w
  2279     0F51  0275               	subwf	___lwmod@dividend+1,w
  2280     0F52  1D03               	skipz
  2281     0F53  2F56               	goto	u1805
  2282     0F54  0872               	movf	___lwmod@divisor,w
  2283     0F55  0274               	subwf	___lwmod@dividend,w
  2284     0F56                     u1805:
  2285     0F56  1C03               	skipc
  2286     0F57  2F59               	goto	u1801
  2287     0F58  2F5A               	goto	u1800
  2288     0F59                     u1801:
  2289     0F59  2F60               	goto	l1699
  2290     0F5A                     u1800:
  2291     0F5A                     l1697:
  2292     0F5A  0872               	movf	___lwmod@divisor,w
  2293     0F5B  02F4               	subwf	___lwmod@dividend,f
  2294     0F5C  0873               	movf	___lwmod@divisor+1,w
  2295     0F5D  1C03               	skipc
  2296     0F5E  03F5               	decf	___lwmod@dividend+1,f
  2297     0F5F  02F5               	subwf	___lwmod@dividend+1,f
  2298     0F60                     l1699:
  2299     0F60  3001               	movlw	1
  2300     0F61                     u1815:
  2301     0F61  1003               	clrc
  2302     0F62  0CF3               	rrf	___lwmod@divisor+1,f
  2303     0F63  0CF2               	rrf	___lwmod@divisor,f
  2304     0F64  3EFF               	addlw	-1
  2305     0F65  1D03               	skipz
  2306     0F66  2F61               	goto	u1815
  2307     0F67                     l1701:
  2308     0F67  3001               	movlw	1
  2309     0F68  02F6               	subwf	___lwmod@counter,f
  2310     0F69  1D03               	btfss	3,2
  2311     0F6A  2F6C               	goto	u1821
  2312     0F6B  2F6D               	goto	u1820
  2313     0F6C                     u1821:
  2314     0F6C  2F50               	goto	l1695
  2315     0F6D                     u1820:
  2316     0F6D                     l1703:
  2317     0F6D  0875               	movf	___lwmod@dividend+1,w
  2318     0F6E  00F3               	movwf	?___lwmod+1
  2319     0F6F  0874               	movf	___lwmod@dividend,w
  2320     0F70  00F2               	movwf	?___lwmod
  2321     0F71                     l569:
  2322     0F71  0008               	return
  2323     0F72                     __end_of___lwmod:
  2324                           
  2325                           	psect	text8
  2326     0F72                     __ptext8:	
  2327 ;; *************** function ___lwdiv *****************
  2328 ;; Defined at:
  2329 ;;		line 5 in file "C:\Program Files\Microchip\xc8\v3.00\pic\sources\c99\common\lwdiv.c"
  2330 ;; Parameters:    Size  Location     Type
  2331 ;;  divisor         2    2[COMMON] unsigned int 
  2332 ;;  dividend        2    4[COMMON] unsigned int 
  2333 ;; Auto vars:     Size  Location     Type
  2334 ;;  quotient        2    7[COMMON] unsigned int 
  2335 ;;  counter         1    6[COMMON] unsigned char 
  2336 ;; Return value:  Size  Location     Type
  2337 ;;                  2    2[COMMON] unsigned int 
  2338 ;; Registers used:
  2339 ;;		wreg, status,2, status,0
  2340 ;; Tracked objects:
  2341 ;;		On entry : 0/0
  2342 ;;		On exit  : 0/0
  2343 ;;		Unchanged: 0/0
  2344 ;; Data sizes:     COMMON   BANK0   BANK1   BANK3   BANK2
  2345 ;;      Params:         4       0       0       0       0
  2346 ;;      Locals:         3       0       0       0       0
  2347 ;;      Temps:          0       0       0       0       0
  2348 ;;      Totals:         7       0       0       0       0
  2349 ;;Total ram usage:        7 bytes
  2350 ;; Hardware stack levels used: 1
  2351 ;; Hardware stack levels required when called: 1
  2352 ;; This function calls:
  2353 ;;		Nothing
  2354 ;; This function is called by:
  2355 ;;		_IntToText
  2356 ;;		_main
  2357 ;; This function uses a non-reentrant model
  2358 ;;
  2359                           
  2360     0F72                     ___lwdiv:	
  2361                           ;psect for function ___lwdiv
  2362                           
  2363     0F72                     l1659:	
  2364                           ;incstack = 0
  2365                           ; Regs used in ___lwdiv: [wreg+status,2+status,0]
  2366                           
  2367     0F72  01F7               	clrf	___lwdiv@quotient
  2368     0F73  01F8               	clrf	___lwdiv@quotient+1
  2369     0F74                     l1661:
  2370     0F74  0872               	movf	___lwdiv@divisor,w
  2371     0F75  0473               	iorwf	___lwdiv@divisor+1,w
  2372     0F76  1903               	btfsc	3,2
  2373     0F77  2F79               	goto	u1701
  2374     0F78  2F7A               	goto	u1700
  2375     0F79                     u1701:
  2376     0F79  2FAF               	goto	l1681
  2377     0F7A                     u1700:
  2378     0F7A                     l1663:
  2379     0F7A  3001               	movlw	1
  2380     0F7B  00F6               	movwf	___lwdiv@counter
  2381     0F7C  2F86               	goto	l1669
  2382     0F7D                     l1665:
  2383     0F7D  3001               	movlw	1
  2384     0F7E                     u1715:
  2385     0F7E  1003               	clrc
  2386     0F7F  0DF2               	rlf	___lwdiv@divisor,f
  2387     0F80  0DF3               	rlf	___lwdiv@divisor+1,f
  2388     0F81  3EFF               	addlw	-1
  2389     0F82  1D03               	skipz
  2390     0F83  2F7E               	goto	u1715
  2391     0F84                     l1667:
  2392     0F84  3001               	movlw	1
  2393     0F85  07F6               	addwf	___lwdiv@counter,f
  2394     0F86                     l1669:
  2395     0F86  1FF3               	btfss	___lwdiv@divisor+1,7
  2396     0F87  2F89               	goto	u1721
  2397     0F88  2F8A               	goto	u1720
  2398     0F89                     u1721:
  2399     0F89  2F7D               	goto	l1665
  2400     0F8A                     u1720:
  2401     0F8A                     l1671:
  2402     0F8A  3001               	movlw	1
  2403     0F8B                     u1735:
  2404     0F8B  1003               	clrc
  2405     0F8C  0DF7               	rlf	___lwdiv@quotient,f
  2406     0F8D  0DF8               	rlf	___lwdiv@quotient+1,f
  2407     0F8E  3EFF               	addlw	-1
  2408     0F8F  1D03               	skipz
  2409     0F90  2F8B               	goto	u1735
  2410     0F91  0873               	movf	___lwdiv@divisor+1,w
  2411     0F92  0275               	subwf	___lwdiv@dividend+1,w
  2412     0F93  1D03               	skipz
  2413     0F94  2F97               	goto	u1745
  2414     0F95  0872               	movf	___lwdiv@divisor,w
  2415     0F96  0274               	subwf	___lwdiv@dividend,w
  2416     0F97                     u1745:
  2417     0F97  1C03               	skipc
  2418     0F98  2F9A               	goto	u1741
  2419     0F99  2F9B               	goto	u1740
  2420     0F9A                     u1741:
  2421     0F9A  2FA2               	goto	l1677
  2422     0F9B                     u1740:
  2423     0F9B                     l1673:
  2424     0F9B  0872               	movf	___lwdiv@divisor,w
  2425     0F9C  02F4               	subwf	___lwdiv@dividend,f
  2426     0F9D  0873               	movf	___lwdiv@divisor+1,w
  2427     0F9E  1C03               	skipc
  2428     0F9F  03F5               	decf	___lwdiv@dividend+1,f
  2429     0FA0  02F5               	subwf	___lwdiv@dividend+1,f
  2430     0FA1                     l1675:
  2431     0FA1  1477               	bsf	___lwdiv@quotient,0
  2432     0FA2                     l1677:
  2433     0FA2  3001               	movlw	1
  2434     0FA3                     u1755:
  2435     0FA3  1003               	clrc
  2436     0FA4  0CF3               	rrf	___lwdiv@divisor+1,f
  2437     0FA5  0CF2               	rrf	___lwdiv@divisor,f
  2438     0FA6  3EFF               	addlw	-1
  2439     0FA7  1D03               	skipz
  2440     0FA8  2FA3               	goto	u1755
  2441     0FA9                     l1679:
  2442     0FA9  3001               	movlw	1
  2443     0FAA  02F6               	subwf	___lwdiv@counter,f
  2444     0FAB  1D03               	btfss	3,2
  2445     0FAC  2FAE               	goto	u1761
  2446     0FAD  2FAF               	goto	u1760
  2447     0FAE                     u1761:
  2448     0FAE  2F8A               	goto	l1671
  2449     0FAF                     u1760:
  2450     0FAF                     l1681:
  2451     0FAF  0878               	movf	___lwdiv@quotient+1,w
  2452     0FB0  00F3               	movwf	?___lwdiv+1
  2453     0FB1  0877               	movf	___lwdiv@quotient,w
  2454     0FB2  00F2               	movwf	?___lwdiv
  2455     0FB3                     l559:
  2456     0FB3  0008               	return
  2457     0FB4                     __end_of___lwdiv:
  2458                           
  2459                           	psect	text9
  2460     0E87                     __ptext9:	
  2461 ;; *************** function _ADC_Init *****************
  2462 ;; Defined at:
  2463 ;;		line 9 in file "ADC_Lib.c"
  2464 ;; Parameters:    Size  Location     Type
  2465 ;;		None
  2466 ;; Auto vars:     Size  Location     Type
  2467 ;;		None
  2468 ;; Return value:  Size  Location     Type
  2469 ;;                  1    wreg      void 
  2470 ;; Registers used:
  2471 ;;		None
  2472 ;; Tracked objects:
  2473 ;;		On entry : 0/0
  2474 ;;		On exit  : 0/0
  2475 ;;		Unchanged: 0/0
  2476 ;; Data sizes:     COMMON   BANK0   BANK1   BANK3   BANK2
  2477 ;;      Params:         0       0       0       0       0
  2478 ;;      Locals:         0       0       0       0       0
  2479 ;;      Temps:          0       0       0       0       0
  2480 ;;      Totals:         0       0       0       0       0
  2481 ;;Total ram usage:        0 bytes
  2482 ;; Hardware stack levels used: 1
  2483 ;; Hardware stack levels required when called: 1
  2484 ;; This function calls:
  2485 ;;		Nothing
  2486 ;; This function is called by:
  2487 ;;		_main
  2488 ;; This function uses a non-reentrant model
  2489 ;;
  2490                           
  2491     0E87                     _ADC_Init:	
  2492                           ;psect for function _ADC_Init
  2493                           
  2494     0E87                     l1817:	
  2495                           ;incstack = 0
  2496                           ; Regs used in _ADC_Init: []
  2497                           
  2498                           
  2499                           ;ADC_Lib.c: 14:     ADCON1 = 0b11000000;
  2500     0E87  30C0               	movlw	192
  2501     0E88  1683               	bsf	3,5	;RP0=1, select bank1
  2502     0E89  1303               	bcf	3,6	;RP1=0, select bank1
  2503     0E8A  009F               	movwf	31	;volatile
  2504                           
  2505                           ;ADC_Lib.c: 21:     ADCON0bits.ADON = 1;
  2506     0E8B  1283               	bcf	3,5	;RP0=0, select bank0
  2507     0E8C  1303               	bcf	3,6	;RP1=0, select bank0
  2508     0E8D  141F               	bsf	31,0	;volatile
  2509     0E8E                     l269:
  2510     0E8E  0008               	return
  2511     0E8F                     __end_of_ADC_Init:
  2512                           
  2513                           	psect	text10
  2514     0EAD                     __ptext10:	
  2515 ;; *************** function _ACS712_SetSensitivity *****************
  2516 ;; Defined at:
  2517 ;;		line 26 in file "ACS712.c"
  2518 ;; Parameters:    Size  Location     Type
  2519 ;;  sensor          2    2[COMMON] PTR struct .
  2520 ;;		 -> mySensor(9), 
  2521 ;;  sens_mv_a       2    4[COMMON] unsigned int 
  2522 ;; Auto vars:     Size  Location     Type
  2523 ;;		None
  2524 ;; Return value:  Size  Location     Type
  2525 ;;                  1    wreg      void 
  2526 ;; Registers used:
  2527 ;;		wreg, fsr0l, fsr0h, status,2, status,0
  2528 ;; Tracked objects:
  2529 ;;		On entry : 0/0
  2530 ;;		On exit  : 0/0
  2531 ;;		Unchanged: 0/0
  2532 ;; Data sizes:     COMMON   BANK0   BANK1   BANK3   BANK2
  2533 ;;      Params:         4       0       0       0       0
  2534 ;;      Locals:         0       0       0       0       0
  2535 ;;      Temps:          2       0       0       0       0
  2536 ;;      Totals:         6       0       0       0       0
  2537 ;;Total ram usage:        6 bytes
  2538 ;; Hardware stack levels used: 1
  2539 ;; Hardware stack levels required when called: 1
  2540 ;; This function calls:
  2541 ;;		Nothing
  2542 ;; This function is called by:
  2543 ;;		_main
  2544 ;; This function uses a non-reentrant model
  2545 ;;
  2546                           
  2547     0EAD                     _ACS712_SetSensitivity:	
  2548                           ;psect for function _ACS712_SetSensitivity
  2549                           
  2550     0EAD                     l1717:	
  2551                           ;incstack = 0
  2552                           ; Regs used in _ACS712_SetSensitivity: [wreg-fsr0h+status,2+status,0]
  2553                           
  2554                           
  2555                           ;ACS712.c: 27:     sensor->sensitivity_mV_A = sens_mv_a;
  2556     0EAD  0872               	movf	ACS712_SetSensitivity@sensor,w
  2557     0EAE  3E07               	addlw	7
  2558     0EAF  00F6               	movwf	??_ACS712_SetSensitivity
  2559     0EB0  0873               	movf	ACS712_SetSensitivity@sensor+1,w
  2560     0EB1  1803               	skipnc
  2561     0EB2  3E01               	addlw	1
  2562     0EB3  3E00               	addlw	0
  2563     0EB4  00F7               	movwf	??_ACS712_SetSensitivity+1
  2564     0EB5  0876               	movf	??_ACS712_SetSensitivity,w
  2565     0EB6  0084               	movwf	4
  2566     0EB7  1783               	bsf	3,7
  2567     0EB8  1C77               	btfss	??_ACS712_SetSensitivity+1,0
  2568     0EB9  1383               	bcf	3,7
  2569     0EBA  0874               	movf	ACS712_SetSensitivity@sens_mv_a,w
  2570     0EBB  0080               	movwf	0
  2571     0EBC  0A84               	incf	4,f
  2572     0EBD  0875               	movf	ACS712_SetSensitivity@sens_mv_a+1,w
  2573     0EBE  0080               	movwf	0
  2574     0EBF                     l16:
  2575     0EBF  0008               	return
  2576     0EC0                     __end_of_ACS712_SetSensitivity:
  2577                           
  2578                           	psect	text11
  2579     0023                     __ptext11:	
  2580 ;; *************** function _ACS712_ReadAC *****************
  2581 ;; Defined at:
  2582 ;;		line 39 in file "ACS712.c"
  2583 ;; Parameters:    Size  Location     Type
  2584 ;;  sensor          2   35[BANK0 ] PTR struct .
  2585 ;;		 -> mySensor(9), 
  2586 ;;  frequency       1   37[BANK0 ] unsigned char 
  2587 ;; Auto vars:     Size  Location     Type
  2588 ;;  sample          4   36[BANK1 ] long 
  2589 ;;  count           4   32[BANK1 ] unsigned long 
  2590 ;;  period_us       4   28[BANK1 ] unsigned long 
  2591 ;;  accumulator     4   24[BANK1 ] unsigned long 
  2592 ;;  current_mA      4   20[BANK1 ] unsigned long 
  2593 ;;  voltage_rms_    4   16[BANK1 ] unsigned long 
  2594 ;;  rms_adc         4   12[BANK1 ] unsigned long 
  2595 ;;  avg_sq          4    8[BANK1 ] unsigned long 
  2596 ;;  zero            4    4[BANK1 ] long 
  2597 ;;  start_time      4    0[BANK1 ] unsigned long 
  2598 ;; Return value:  Size  Location     Type
  2599 ;;                  2   35[BANK0 ] unsigned int 
  2600 ;; Registers used:
  2601 ;;		wreg, fsr0l, fsr0h, status,2, status,0, pclath, cstack
  2602 ;; Tracked objects:
  2603 ;;		On entry : 0/0
  2604 ;;		On exit  : 0/0
  2605 ;;		Unchanged: 0/0
  2606 ;; Data sizes:     COMMON   BANK0   BANK1   BANK3   BANK2
  2607 ;;      Params:         0       3       0       0       0
  2608 ;;      Locals:         0       0      40       0       0
  2609 ;;      Temps:          0       8       0       0       0
  2610 ;;      Totals:         0      11      40       0       0
  2611 ;;Total ram usage:       51 bytes
  2612 ;; Hardware stack levels used: 1
  2613 ;; Hardware stack levels required when called: 3
  2614 ;; This function calls:
  2615 ;;		_ADC_Read
  2616 ;;		___lldiv
  2617 ;;		___lmul
  2618 ;;		_isqrt
  2619 ;;		_micros
  2620 ;; This function is called by:
  2621 ;;		_main
  2622 ;; This function uses a non-reentrant model
  2623 ;;
  2624                           
  2625     0023                     _ACS712_ReadAC:	
  2626                           ;psect for function _ACS712_ReadAC
  2627                           
  2628     0023                     l1735:	
  2629                           ;incstack = 0
  2630                           ; Regs used in _ACS712_ReadAC: [wreg-fsr0h+status,2+status,0+pclath+cstack]
  2631                           
  2632                           
  2633                           ;ACS712.c: 40:     unsigned long period_us;;ACS712.c: 43:     if (frequency == 60) perio
      +                          d_us = 16666;
  2634     0023  303C               	movlw	60
  2635     0024  1283               	bcf	3,5	;RP0=0, select bank0
  2636     0025  1303               	bcf	3,6	;RP1=0, select bank0
  2637     0026  0645               	xorwf	ACS712_ReadAC@frequency,w
  2638     0027  1D03               	btfss	3,2
  2639     0028  282A               	goto	u1851
  2640     0029  282B               	goto	u1850
  2641     002A                     u1851:
  2642     002A  2836               	goto	l1739
  2643     002B                     u1850:
  2644     002B                     l1737:
  2645     002B  3000               	movlw	0
  2646     002C  1683               	bsf	3,5	;RP0=1, select bank1
  2647     002D  1303               	bcf	3,6	;RP1=0, select bank1
  2648     002E  00BF               	movwf	(ACS712_ReadAC@period_us+3)^(0+128)
  2649     002F  3000               	movlw	0
  2650     0030  00BE               	movwf	(ACS712_ReadAC@period_us+2)^(0+128)
  2651     0031  3041               	movlw	65
  2652     0032  00BD               	movwf	(ACS712_ReadAC@period_us+1)^(0+128)
  2653     0033  301A               	movlw	26
  2654     0034  00BC               	movwf	ACS712_ReadAC@period_us^(0+128)
  2655     0035  2846               	goto	l1745
  2656     0036                     l1739:
  2657     0036  3032               	movlw	50
  2658     0037  0645               	xorwf	ACS712_ReadAC@frequency,w
  2659     0038  1D03               	btfss	3,2
  2660     0039  283B               	goto	u1861
  2661     003A  283C               	goto	u1860
  2662     003B                     u1861:
  2663     003B  282B               	goto	l1737
  2664     003C                     u1860:
  2665     003C                     l1741:
  2666     003C  3000               	movlw	0
  2667     003D  1683               	bsf	3,5	;RP0=1, select bank1
  2668     003E  1303               	bcf	3,6	;RP1=0, select bank1
  2669     003F  00BF               	movwf	(ACS712_ReadAC@period_us+3)^(0+128)
  2670     0040  3000               	movlw	0
  2671     0041  00BE               	movwf	(ACS712_ReadAC@period_us+2)^(0+128)
  2672     0042  304E               	movlw	78
  2673     0043  00BD               	movwf	(ACS712_ReadAC@period_us+1)^(0+128)
  2674     0044  3020               	movlw	32
  2675     0045  00BC               	movwf	ACS712_ReadAC@period_us^(0+128)
  2676     0046                     l1745:
  2677                           
  2678                           ;ACS712.c: 47:     unsigned long start_time = micros();
  2679     0046  118A  2790  118A   	fcall	_micros
  2680     0049  0875               	movf	?_micros+3,w
  2681     004A  1683               	bsf	3,5	;RP0=1, select bank1
  2682     004B  1303               	bcf	3,6	;RP1=0, select bank1
  2683     004C  00A3               	movwf	(ACS712_ReadAC@start_time+3)^(0+128)
  2684     004D  0874               	movf	?_micros+2,w
  2685     004E  00A2               	movwf	(ACS712_ReadAC@start_time+2)^(0+128)
  2686     004F  0873               	movf	?_micros+1,w
  2687     0050  00A1               	movwf	(ACS712_ReadAC@start_time+1)^(0+128)
  2688     0051  0872               	movf	?_micros,w
  2689     0052  00A0               	movwf	ACS712_ReadAC@start_time^(0+128)
  2690     0053                     l1747:
  2691                           
  2692                           ;ACS712.c: 48:     unsigned long accumulator = 0;
  2693     0053  3000               	movlw	0
  2694     0054  00BB               	movwf	(ACS712_ReadAC@accumulator+3)^(0+128)
  2695     0055  3000               	movlw	0
  2696     0056  00BA               	movwf	(ACS712_ReadAC@accumulator+2)^(0+128)
  2697     0057  3000               	movlw	0
  2698     0058  00B9               	movwf	(ACS712_ReadAC@accumulator+1)^(0+128)
  2699     0059  3000               	movlw	0
  2700     005A  00B8               	movwf	ACS712_ReadAC@accumulator^(0+128)
  2701     005B                     l1749:
  2702                           
  2703                           ;ACS712.c: 49:     unsigned long count = 0;
  2704     005B  3000               	movlw	0
  2705     005C  00C3               	movwf	(ACS712_ReadAC@count+3)^(0+128)
  2706     005D  3000               	movlw	0
  2707     005E  00C2               	movwf	(ACS712_ReadAC@count+2)^(0+128)
  2708     005F  3000               	movlw	0
  2709     0060  00C1               	movwf	(ACS712_ReadAC@count+1)^(0+128)
  2710     0061  3000               	movlw	0
  2711     0062  00C0               	movwf	ACS712_ReadAC@count^(0+128)
  2712     0063                     l1751:
  2713                           
  2714                           ;ACS712.c: 51:     long sample;;ACS712.c: 52:     long zero = (long)sensor->zero_point;
  2715     0063  1283               	bcf	3,5	;RP0=0, select bank0
  2716     0064  1303               	bcf	3,6	;RP1=0, select bank0
  2717     0065  0843               	movf	ACS712_ReadAC@sensor,w
  2718     0066  3E05               	addlw	5
  2719     0067  00C6               	movwf	??_ACS712_ReadAC
  2720     0068  0844               	movf	ACS712_ReadAC@sensor+1,w
  2721     0069  1803               	skipnc
  2722     006A  3E01               	addlw	1
  2723     006B  3E00               	addlw	0
  2724     006C  00C7               	movwf	??_ACS712_ReadAC+1
  2725     006D  0846               	movf	??_ACS712_ReadAC,w
  2726     006E  0084               	movwf	4
  2727     006F  1783               	bsf	3,7
  2728     0070  1C47               	btfss	??_ACS712_ReadAC+1,0
  2729     0071  1383               	bcf	3,7
  2730     0072  0800               	movf	0,w
  2731     0073  00C8               	movwf	??_ACS712_ReadAC+2
  2732     0074  0A84               	incf	4,f
  2733     0075  0800               	movf	0,w
  2734     0076  00C9               	movwf	??_ACS712_ReadAC+3
  2735     0077  0848               	movf	??_ACS712_ReadAC+2,w
  2736     0078  1683               	bsf	3,5	;RP0=1, select bank1
  2737     0079  1303               	bcf	3,6	;RP1=0, select bank1
  2738     007A  00A4               	movwf	ACS712_ReadAC@zero^(0+128)
  2739     007B  1283               	bcf	3,5	;RP0=0, select bank0
  2740     007C  1303               	bcf	3,6	;RP1=0, select bank0
  2741     007D  0849               	movf	??_ACS712_ReadAC+3,w
  2742     007E  1683               	bsf	3,5	;RP0=1, select bank1
  2743     007F  1303               	bcf	3,6	;RP1=0, select bank1
  2744     0080  00A5               	movwf	(ACS712_ReadAC@zero^(0+128)+1)
  2745     0081  01A6               	clrf	(ACS712_ReadAC@zero^(0+128)+2)
  2746     0082  01A7               	clrf	(ACS712_ReadAC@zero^(0+128)+3)
  2747                           
  2748                           ;ACS712.c: 54:     while ((micros() - start_time) < period_us) {
  2749     0083  28DD               	goto	l1761
  2750     0084                     l1753:
  2751                           
  2752                           ;ACS712.c: 55:          sample = (long)ADC_Read(sensor->adc_channel);
  2753     0084  0843               	movf	ACS712_ReadAC@sensor,w
  2754     0085  0084               	movwf	4
  2755     0086  1783               	bsf	3,7
  2756     0087  1C44               	btfss	ACS712_ReadAC@sensor+1,0
  2757     0088  1383               	bcf	3,7
  2758     0089  0800               	movf	0,w
  2759     008A  158A  26C0  118A   	fcall	_ADC_Read
  2760     008D  0872               	movf	?_ADC_Read,w
  2761     008E  1683               	bsf	3,5	;RP0=1, select bank1
  2762     008F  1303               	bcf	3,6	;RP1=0, select bank1
  2763     0090  00C4               	movwf	ACS712_ReadAC@sample^(0+128)
  2764     0091  0873               	movf	?_ADC_Read+1,w
  2765     0092  00C5               	movwf	(ACS712_ReadAC@sample^(0+128)+1)
  2766     0093  01C6               	clrf	(ACS712_ReadAC@sample^(0+128)+2)
  2767     0094  01C7               	clrf	(ACS712_ReadAC@sample^(0+128)+3)
  2768     0095                     l1755:
  2769                           
  2770                           ;ACS712.c: 56:          sample -= zero;
  2771     0095  0824               	movf	ACS712_ReadAC@zero^(0+128),w
  2772     0096  02C4               	subwf	ACS712_ReadAC@sample^(0+128),f
  2773     0097  0825               	movf	(ACS712_ReadAC@zero+1)^(0+128),w
  2774     0098  1C03               	skipc
  2775     0099  0F25               	incfsz	(ACS712_ReadAC@zero+1)^(0+128),w
  2776     009A  02C5               	subwf	(ACS712_ReadAC@sample+1)^(0+128),f
  2777     009B  0826               	movf	(ACS712_ReadAC@zero+2)^(0+128),w
  2778     009C  1C03               	skipc
  2779     009D  0F26               	incfsz	(ACS712_ReadAC@zero+2)^(0+128),w
  2780     009E  02C6               	subwf	(ACS712_ReadAC@sample+2)^(0+128),f
  2781     009F  0827               	movf	(ACS712_ReadAC@zero+3)^(0+128),w
  2782     00A0  1C03               	skipc
  2783     00A1  0F27               	incfsz	(ACS712_ReadAC@zero+3)^(0+128),w
  2784     00A2  02C7               	subwf	(ACS712_ReadAC@sample+3)^(0+128),f
  2785     00A3                     l1757:
  2786                           
  2787                           ;ACS712.c: 57:          accumulator += (unsigned long)(sample * sample);
  2788     00A3  0847               	movf	(ACS712_ReadAC@sample+3)^(0+128),w
  2789     00A4  00F5               	movwf	___lmul@multiplier+3
  2790     00A5  0846               	movf	(ACS712_ReadAC@sample+2)^(0+128),w
  2791     00A6  00F4               	movwf	___lmul@multiplier+2
  2792     00A7  0845               	movf	(ACS712_ReadAC@sample+1)^(0+128),w
  2793     00A8  00F3               	movwf	___lmul@multiplier+1
  2794     00A9  0844               	movf	ACS712_ReadAC@sample^(0+128),w
  2795     00AA  00F2               	movwf	___lmul@multiplier
  2796     00AB  0847               	movf	(ACS712_ReadAC@sample+3)^(0+128),w
  2797     00AC  00F9               	movwf	___lmul@multiplicand+3
  2798     00AD  0846               	movf	(ACS712_ReadAC@sample+2)^(0+128),w
  2799     00AE  00F8               	movwf	___lmul@multiplicand+2
  2800     00AF  0845               	movf	(ACS712_ReadAC@sample+1)^(0+128),w
  2801     00B0  00F7               	movwf	___lmul@multiplicand+1
  2802     00B1  0844               	movf	ACS712_ReadAC@sample^(0+128),w
  2803     00B2  00F6               	movwf	___lmul@multiplicand
  2804     00B3  158A  27B4  118A   	fcall	___lmul
  2805     00B6  0872               	movf	?___lmul,w
  2806     00B7  1683               	bsf	3,5	;RP0=1, select bank1
  2807     00B8  1303               	bcf	3,6	;RP1=0, select bank1
  2808     00B9  07B8               	addwf	ACS712_ReadAC@accumulator^(0+128),f
  2809     00BA  0873               	movf	?___lmul+1,w
  2810     00BB  1103               	clrz
  2811     00BC  1803               	skipnc
  2812     00BD  3E01               	addlw	1
  2813     00BE  1903               	skipnz
  2814     00BF  28C1               	goto	u1871
  2815     00C0  07B9               	addwf	(ACS712_ReadAC@accumulator+1)^(0+128),f
  2816     00C1                     u1871:
  2817     00C1  0874               	movf	?___lmul+2,w
  2818     00C2  1103               	clrz
  2819     00C3  1803               	skipnc
  2820     00C4  3E01               	addlw	1
  2821     00C5  1903               	skipnz
  2822     00C6  28C8               	goto	u1872
  2823     00C7  07BA               	addwf	(ACS712_ReadAC@accumulator+2)^(0+128),f
  2824     00C8                     u1872:
  2825     00C8  0875               	movf	?___lmul+3,w
  2826     00C9  1103               	clrz
  2827     00CA  1803               	skipnc
  2828     00CB  3E01               	addlw	1
  2829     00CC  1903               	skipnz
  2830     00CD  28CF               	goto	u1873
  2831     00CE  07BB               	addwf	(ACS712_ReadAC@accumulator+3)^(0+128),f
  2832     00CF                     u1873:
  2833     00CF                     l1759:
  2834                           
  2835                           ;ACS712.c: 58:          count++;
  2836     00CF  3001               	movlw	1
  2837     00D0  07C0               	addwf	ACS712_ReadAC@count^(0+128),f
  2838     00D1  3000               	movlw	0
  2839     00D2  1803               	skipnc
  2840     00D3  3001               	movlw	1
  2841     00D4  07C1               	addwf	(ACS712_ReadAC@count+1)^(0+128),f
  2842     00D5  3000               	movlw	0
  2843     00D6  1803               	skipnc
  2844     00D7  3001               	movlw	1
  2845     00D8  07C2               	addwf	(ACS712_ReadAC@count+2)^(0+128),f
  2846     00D9  3000               	movlw	0
  2847     00DA  1803               	skipnc
  2848     00DB  3001               	movlw	1
  2849     00DC  07C3               	addwf	(ACS712_ReadAC@count+3)^(0+128),f
  2850     00DD                     l1761:
  2851                           
  2852                           ;ACS712.c: 54:     while ((micros() - start_time) < period_us) {
  2853     00DD  118A  2790  118A   	fcall	_micros
  2854     00E0  0872               	movf	?_micros,w
  2855     00E1  1283               	bcf	3,5	;RP0=0, select bank0
  2856     00E2  1303               	bcf	3,6	;RP1=0, select bank0
  2857     00E3  00C6               	movwf	??_ACS712_ReadAC
  2858     00E4  0873               	movf	?_micros+1,w
  2859     00E5  00C7               	movwf	??_ACS712_ReadAC+1
  2860     00E6  0874               	movf	?_micros+2,w
  2861     00E7  00C8               	movwf	??_ACS712_ReadAC+2
  2862     00E8  0875               	movf	?_micros+3,w
  2863     00E9  00C9               	movwf	??_ACS712_ReadAC+3
  2864     00EA  1683               	bsf	3,5	;RP0=1, select bank1
  2865     00EB  1303               	bcf	3,6	;RP1=0, select bank1
  2866     00EC  0820               	movf	ACS712_ReadAC@start_time^(0+128),w
  2867     00ED  1283               	bcf	3,5	;RP0=0, select bank0
  2868     00EE  1303               	bcf	3,6	;RP1=0, select bank0
  2869     00EF  02C6               	subwf	??_ACS712_ReadAC,f
  2870     00F0  1683               	bsf	3,5	;RP0=1, select bank1
  2871     00F1  1303               	bcf	3,6	;RP1=0, select bank1
  2872     00F2  0821               	movf	(ACS712_ReadAC@start_time+1)^(0+128),w
  2873     00F3  1C03               	skipc
  2874     00F4  0F21               	incfsz	(ACS712_ReadAC@start_time+1)^(0+128),w
  2875     00F5  28F7               	goto	u1881
  2876     00F6  28FA               	goto	u1882
  2877     00F7                     u1881:
  2878     00F7  1283               	bcf	3,5	;RP0=0, select bank0
  2879     00F8  1303               	bcf	3,6	;RP1=0, select bank0
  2880     00F9  02C7               	subwf	??_ACS712_ReadAC+1,f
  2881     00FA                     u1882:
  2882     00FA  1683               	bsf	3,5	;RP0=1, select bank1
  2883     00FB  1303               	bcf	3,6	;RP1=0, select bank1
  2884     00FC  0822               	movf	(ACS712_ReadAC@start_time+2)^(0+128),w
  2885     00FD  1C03               	skipc
  2886     00FE  0F22               	incfsz	(ACS712_ReadAC@start_time+2)^(0+128),w
  2887     00FF  2901               	goto	u1883
  2888     0100  2904               	goto	u1884
  2889     0101                     u1883:
  2890     0101  1283               	bcf	3,5	;RP0=0, select bank0
  2891     0102  1303               	bcf	3,6	;RP1=0, select bank0
  2892     0103  02C8               	subwf	??_ACS712_ReadAC+2,f
  2893     0104                     u1884:
  2894     0104  1683               	bsf	3,5	;RP0=1, select bank1
  2895     0105  1303               	bcf	3,6	;RP1=0, select bank1
  2896     0106  0823               	movf	(ACS712_ReadAC@start_time+3)^(0+128),w
  2897     0107  1C03               	skipc
  2898     0108  0F23               	incfsz	(ACS712_ReadAC@start_time+3)^(0+128),w
  2899     0109  290B               	goto	u1885
  2900     010A  290E               	goto	u1886
  2901     010B                     u1885:
  2902     010B  1283               	bcf	3,5	;RP0=0, select bank0
  2903     010C  1303               	bcf	3,6	;RP1=0, select bank0
  2904     010D  02C9               	subwf	??_ACS712_ReadAC+3,f
  2905     010E                     u1886:
  2906     010E  1683               	bsf	3,5	;RP0=1, select bank1
  2907     010F  1303               	bcf	3,6	;RP1=0, select bank1
  2908     0110  1283               	bcf	3,5	;RP0=0, select bank0
  2909     0111  1303               	bcf	3,6	;RP1=0, select bank0
  2910     0112  1683               	bsf	3,5	;RP0=1, select bank1
  2911     0113  1303               	bcf	3,6	;RP1=0, select bank1
  2912     0114  083F               	movf	(ACS712_ReadAC@period_us+3)^(0+128),w
  2913     0115  1283               	bcf	3,5	;RP0=0, select bank0
  2914     0116  1303               	bcf	3,6	;RP1=0, select bank0
  2915     0117  0249               	subwf	??_ACS712_ReadAC+3,w
  2916     0118  1D03               	skipz
  2917     0119  2930               	goto	u1895
  2918     011A  1683               	bsf	3,5	;RP0=1, select bank1
  2919     011B  1303               	bcf	3,6	;RP1=0, select bank1
  2920     011C  083E               	movf	(ACS712_ReadAC@period_us+2)^(0+128),w
  2921     011D  1283               	bcf	3,5	;RP0=0, select bank0
  2922     011E  1303               	bcf	3,6	;RP1=0, select bank0
  2923     011F  0248               	subwf	??_ACS712_ReadAC+2,w
  2924     0120  1D03               	skipz
  2925     0121  2930               	goto	u1895
  2926     0122  1683               	bsf	3,5	;RP0=1, select bank1
  2927     0123  1303               	bcf	3,6	;RP1=0, select bank1
  2928     0124  083D               	movf	(ACS712_ReadAC@period_us+1)^(0+128),w
  2929     0125  1283               	bcf	3,5	;RP0=0, select bank0
  2930     0126  1303               	bcf	3,6	;RP1=0, select bank0
  2931     0127  0247               	subwf	??_ACS712_ReadAC+1,w
  2932     0128  1D03               	skipz
  2933     0129  2930               	goto	u1895
  2934     012A  1683               	bsf	3,5	;RP0=1, select bank1
  2935     012B  1303               	bcf	3,6	;RP1=0, select bank1
  2936     012C  083C               	movf	ACS712_ReadAC@period_us^(0+128),w
  2937     012D  1283               	bcf	3,5	;RP0=0, select bank0
  2938     012E  1303               	bcf	3,6	;RP1=0, select bank0
  2939     012F  0246               	subwf	??_ACS712_ReadAC,w
  2940     0130                     u1895:
  2941     0130  1C03               	skipc
  2942     0131  2933               	goto	u1891
  2943     0132  2934               	goto	u1890
  2944     0133                     u1891:
  2945     0133  2884               	goto	l1753
  2946     0134                     u1890:
  2947     0134                     l1763:
  2948                           
  2949                           ;ACS712.c: 61:     if (count == 0) return 0;
  2950     0134  1683               	bsf	3,5	;RP0=1, select bank1
  2951     0135  1303               	bcf	3,6	;RP1=0, select bank1
  2952     0136  0843               	movf	(ACS712_ReadAC@count+3)^(0+128),w
  2953     0137  0442               	iorwf	(ACS712_ReadAC@count+2)^(0+128),w
  2954     0138  0441               	iorwf	(ACS712_ReadAC@count+1)^(0+128),w
  2955     0139  0440               	iorwf	ACS712_ReadAC@count^(0+128),w
  2956     013A  1D03               	skipz
  2957     013B  293D               	goto	u1901
  2958     013C  293E               	goto	u1900
  2959     013D                     u1901:
  2960     013D  2943               	goto	l1769
  2961     013E                     u1900:
  2962     013E                     l1765:
  2963     013E  1283               	bcf	3,5	;RP0=0, select bank0
  2964     013F  1303               	bcf	3,6	;RP1=0, select bank0
  2965     0140  01C3               	clrf	?_ACS712_ReadAC
  2966     0141  01C4               	clrf	?_ACS712_ReadAC+1
  2967     0142  2A82               	goto	l32
  2968     0143                     l1769:
  2969                           
  2970                           ;ACS712.c: 64:     unsigned long avg_sq = accumulator / count;
  2971     0143  0843               	movf	(ACS712_ReadAC@count+3)^(0+128),w
  2972     0144  1283               	bcf	3,5	;RP0=0, select bank0
  2973     0145  1303               	bcf	3,6	;RP1=0, select bank0
  2974     0146  00A8               	movwf	___lldiv@divisor+3
  2975     0147  1683               	bsf	3,5	;RP0=1, select bank1
  2976     0148  1303               	bcf	3,6	;RP1=0, select bank1
  2977     0149  0842               	movf	(ACS712_ReadAC@count+2)^(0+128),w
  2978     014A  1283               	bcf	3,5	;RP0=0, select bank0
  2979     014B  1303               	bcf	3,6	;RP1=0, select bank0
  2980     014C  00A7               	movwf	___lldiv@divisor+2
  2981     014D  1683               	bsf	3,5	;RP0=1, select bank1
  2982     014E  1303               	bcf	3,6	;RP1=0, select bank1
  2983     014F  0841               	movf	(ACS712_ReadAC@count+1)^(0+128),w
  2984     0150  1283               	bcf	3,5	;RP0=0, select bank0
  2985     0151  1303               	bcf	3,6	;RP1=0, select bank0
  2986     0152  00A6               	movwf	___lldiv@divisor+1
  2987     0153  1683               	bsf	3,5	;RP0=1, select bank1
  2988     0154  1303               	bcf	3,6	;RP1=0, select bank1
  2989     0155  0840               	movf	ACS712_ReadAC@count^(0+128),w
  2990     0156  1283               	bcf	3,5	;RP0=0, select bank0
  2991     0157  1303               	bcf	3,6	;RP1=0, select bank0
  2992     0158  00A5               	movwf	___lldiv@divisor
  2993     0159  1683               	bsf	3,5	;RP0=1, select bank1
  2994     015A  1303               	bcf	3,6	;RP1=0, select bank1
  2995     015B  083B               	movf	(ACS712_ReadAC@accumulator+3)^(0+128),w
  2996     015C  1283               	bcf	3,5	;RP0=0, select bank0
  2997     015D  1303               	bcf	3,6	;RP1=0, select bank0
  2998     015E  00AC               	movwf	___lldiv@dividend+3
  2999     015F  1683               	bsf	3,5	;RP0=1, select bank1
  3000     0160  1303               	bcf	3,6	;RP1=0, select bank1
  3001     0161  083A               	movf	(ACS712_ReadAC@accumulator+2)^(0+128),w
  3002     0162  1283               	bcf	3,5	;RP0=0, select bank0
  3003     0163  1303               	bcf	3,6	;RP1=0, select bank0
  3004     0164  00AB               	movwf	___lldiv@dividend+2
  3005     0165  1683               	bsf	3,5	;RP0=1, select bank1
  3006     0166  1303               	bcf	3,6	;RP1=0, select bank1
  3007     0167  0839               	movf	(ACS712_ReadAC@accumulator+1)^(0+128),w
  3008     0168  1283               	bcf	3,5	;RP0=0, select bank0
  3009     0169  1303               	bcf	3,6	;RP1=0, select bank0
  3010     016A  00AA               	movwf	___lldiv@dividend+1
  3011     016B  1683               	bsf	3,5	;RP0=1, select bank1
  3012     016C  1303               	bcf	3,6	;RP1=0, select bank1
  3013     016D  0838               	movf	ACS712_ReadAC@accumulator^(0+128),w
  3014     016E  1283               	bcf	3,5	;RP0=0, select bank0
  3015     016F  1303               	bcf	3,6	;RP1=0, select bank0
  3016     0170  00A9               	movwf	___lldiv@dividend
  3017     0171  118A  2668  118A   	fcall	___lldiv
  3018     0174  1283               	bcf	3,5	;RP0=0, select bank0
  3019     0175  1303               	bcf	3,6	;RP1=0, select bank0
  3020     0176  0828               	movf	?___lldiv+3,w
  3021     0177  1683               	bsf	3,5	;RP0=1, select bank1
  3022     0178  1303               	bcf	3,6	;RP1=0, select bank1
  3023     0179  00AB               	movwf	(ACS712_ReadAC@avg_sq+3)^(0+128)
  3024     017A  1283               	bcf	3,5	;RP0=0, select bank0
  3025     017B  1303               	bcf	3,6	;RP1=0, select bank0
  3026     017C  0827               	movf	?___lldiv+2,w
  3027     017D  1683               	bsf	3,5	;RP0=1, select bank1
  3028     017E  1303               	bcf	3,6	;RP1=0, select bank1
  3029     017F  00AA               	movwf	(ACS712_ReadAC@avg_sq+2)^(0+128)
  3030     0180  1283               	bcf	3,5	;RP0=0, select bank0
  3031     0181  1303               	bcf	3,6	;RP1=0, select bank0
  3032     0182  0826               	movf	?___lldiv+1,w
  3033     0183  1683               	bsf	3,5	;RP0=1, select bank1
  3034     0184  1303               	bcf	3,6	;RP1=0, select bank1
  3035     0185  00A9               	movwf	(ACS712_ReadAC@avg_sq+1)^(0+128)
  3036     0186  1283               	bcf	3,5	;RP0=0, select bank0
  3037     0187  1303               	bcf	3,6	;RP1=0, select bank0
  3038     0188  0825               	movf	?___lldiv,w
  3039     0189  1683               	bsf	3,5	;RP0=1, select bank1
  3040     018A  1303               	bcf	3,6	;RP1=0, select bank1
  3041     018B  00A8               	movwf	ACS712_ReadAC@avg_sq^(0+128)
  3042                           
  3043                           ;ACS712.c: 65:     unsigned long rms_adc = isqrt(avg_sq);
  3044     018C  082B               	movf	(ACS712_ReadAC@avg_sq+3)^(0+128),w
  3045     018D  1283               	bcf	3,5	;RP0=0, select bank0
  3046     018E  1303               	bcf	3,6	;RP1=0, select bank0
  3047     018F  00B6               	movwf	isqrt@n+3
  3048     0190  1683               	bsf	3,5	;RP0=1, select bank1
  3049     0191  1303               	bcf	3,6	;RP1=0, select bank1
  3050     0192  082A               	movf	(ACS712_ReadAC@avg_sq+2)^(0+128),w
  3051     0193  1283               	bcf	3,5	;RP0=0, select bank0
  3052     0194  1303               	bcf	3,6	;RP1=0, select bank0
  3053     0195  00B5               	movwf	isqrt@n+2
  3054     0196  1683               	bsf	3,5	;RP0=1, select bank1
  3055     0197  1303               	bcf	3,6	;RP1=0, select bank1
  3056     0198  0829               	movf	(ACS712_ReadAC@avg_sq+1)^(0+128),w
  3057     0199  1283               	bcf	3,5	;RP0=0, select bank0
  3058     019A  1303               	bcf	3,6	;RP1=0, select bank0
  3059     019B  00B4               	movwf	isqrt@n+1
  3060     019C  1683               	bsf	3,5	;RP0=1, select bank1
  3061     019D  1303               	bcf	3,6	;RP1=0, select bank1
  3062     019E  0828               	movf	ACS712_ReadAC@avg_sq^(0+128),w
  3063     019F  1283               	bcf	3,5	;RP0=0, select bank0
  3064     01A0  1303               	bcf	3,6	;RP1=0, select bank0
  3065     01A1  00B3               	movwf	isqrt@n
  3066     01A2  118A  2425  118A   	fcall	_isqrt
  3067     01A5  1283               	bcf	3,5	;RP0=0, select bank0
  3068     01A6  1303               	bcf	3,6	;RP1=0, select bank0
  3069     01A7  0836               	movf	?_isqrt+3,w
  3070     01A8  1683               	bsf	3,5	;RP0=1, select bank1
  3071     01A9  1303               	bcf	3,6	;RP1=0, select bank1
  3072     01AA  00AF               	movwf	(ACS712_ReadAC@rms_adc+3)^(0+128)
  3073     01AB  1283               	bcf	3,5	;RP0=0, select bank0
  3074     01AC  1303               	bcf	3,6	;RP1=0, select bank0
  3075     01AD  0835               	movf	?_isqrt+2,w
  3076     01AE  1683               	bsf	3,5	;RP0=1, select bank1
  3077     01AF  1303               	bcf	3,6	;RP1=0, select bank1
  3078     01B0  00AE               	movwf	(ACS712_ReadAC@rms_adc+2)^(0+128)
  3079     01B1  1283               	bcf	3,5	;RP0=0, select bank0
  3080     01B2  1303               	bcf	3,6	;RP1=0, select bank0
  3081     01B3  0834               	movf	?_isqrt+1,w
  3082     01B4  1683               	bsf	3,5	;RP0=1, select bank1
  3083     01B5  1303               	bcf	3,6	;RP1=0, select bank1
  3084     01B6  00AD               	movwf	(ACS712_ReadAC@rms_adc+1)^(0+128)
  3085     01B7  1283               	bcf	3,5	;RP0=0, select bank0
  3086     01B8  1303               	bcf	3,6	;RP1=0, select bank0
  3087     01B9  0833               	movf	?_isqrt,w
  3088     01BA  1683               	bsf	3,5	;RP0=1, select bank1
  3089     01BB  1303               	bcf	3,6	;RP1=0, select bank1
  3090     01BC  00AC               	movwf	ACS712_ReadAC@rms_adc^(0+128)
  3091     01BD                     l1771:
  3092                           
  3093                           ;ACS712.c: 70:     unsigned long voltage_rms_mv = (rms_adc * (unsigned long)sensor->volt
      +                          age_reference_mv) / sensor->adc_resolution;
  3094     01BD  1283               	bcf	3,5	;RP0=0, select bank0
  3095     01BE  1303               	bcf	3,6	;RP1=0, select bank0
  3096     01BF  0843               	movf	ACS712_ReadAC@sensor,w
  3097     01C0  3E03               	addlw	3
  3098     01C1  00C6               	movwf	??_ACS712_ReadAC
  3099     01C2  0844               	movf	ACS712_ReadAC@sensor+1,w
  3100     01C3  1803               	skipnc
  3101     01C4  3E01               	addlw	1
  3102     01C5  3E00               	addlw	0
  3103     01C6  00C7               	movwf	??_ACS712_ReadAC+1
  3104     01C7  0846               	movf	??_ACS712_ReadAC,w
  3105     01C8  0084               	movwf	4
  3106     01C9  1783               	bsf	3,7
  3107     01CA  1C47               	btfss	??_ACS712_ReadAC+1,0
  3108     01CB  1383               	bcf	3,7
  3109     01CC  0800               	movf	0,w
  3110     01CD  00C8               	movwf	??_ACS712_ReadAC+2
  3111     01CE  0A84               	incf	4,f
  3112     01CF  0800               	movf	0,w
  3113     01D0  00C9               	movwf	??_ACS712_ReadAC+3
  3114     01D1  0848               	movf	??_ACS712_ReadAC+2,w
  3115     01D2  00A5               	movwf	___lldiv@divisor
  3116     01D3  0849               	movf	??_ACS712_ReadAC+3,w
  3117     01D4  00A6               	movwf	___lldiv@divisor+1
  3118     01D5  3000               	movlw	0
  3119     01D6  1BA6               	btfsc	___lldiv@divisor+1,7
  3120     01D7  30FF               	movlw	255
  3121     01D8  00A7               	movwf	___lldiv@divisor+2
  3122     01D9  00A8               	movwf	___lldiv@divisor+3
  3123     01DA  0843               	movf	ACS712_ReadAC@sensor,w
  3124     01DB  3E01               	addlw	1
  3125     01DC  00CA               	movwf	??_ACS712_ReadAC+4
  3126     01DD  0844               	movf	ACS712_ReadAC@sensor+1,w
  3127     01DE  1803               	skipnc
  3128     01DF  3E01               	addlw	1
  3129     01E0  3E00               	addlw	0
  3130     01E1  00CB               	movwf	??_ACS712_ReadAC+5
  3131     01E2  084A               	movf	??_ACS712_ReadAC+4,w
  3132     01E3  0084               	movwf	4
  3133     01E4  1783               	bsf	3,7
  3134     01E5  1C4B               	btfss	??_ACS712_ReadAC+5,0
  3135     01E6  1383               	bcf	3,7
  3136     01E7  0800               	movf	0,w
  3137     01E8  00CC               	movwf	??_ACS712_ReadAC+6
  3138     01E9  0A84               	incf	4,f
  3139     01EA  0800               	movf	0,w
  3140     01EB  00CD               	movwf	??_ACS712_ReadAC+7
  3141     01EC  084C               	movf	??_ACS712_ReadAC+6,w
  3142     01ED  00F2               	movwf	___lmul@multiplier
  3143     01EE  084D               	movf	??_ACS712_ReadAC+7,w
  3144     01EF  00F3               	movwf	___lmul@multiplier+1
  3145     01F0  01F4               	clrf	___lmul@multiplier+2
  3146     01F1  01F5               	clrf	___lmul@multiplier+3
  3147     01F2  1683               	bsf	3,5	;RP0=1, select bank1
  3148     01F3  1303               	bcf	3,6	;RP1=0, select bank1
  3149     01F4  082F               	movf	(ACS712_ReadAC@rms_adc+3)^(0+128),w
  3150     01F5  00F9               	movwf	___lmul@multiplicand+3
  3151     01F6  082E               	movf	(ACS712_ReadAC@rms_adc+2)^(0+128),w
  3152     01F7  00F8               	movwf	___lmul@multiplicand+2
  3153     01F8  082D               	movf	(ACS712_ReadAC@rms_adc+1)^(0+128),w
  3154     01F9  00F7               	movwf	___lmul@multiplicand+1
  3155     01FA  082C               	movf	ACS712_ReadAC@rms_adc^(0+128),w
  3156     01FB  00F6               	movwf	___lmul@multiplicand
  3157     01FC  158A  27B4  118A   	fcall	___lmul
  3158     01FF  0875               	movf	?___lmul+3,w
  3159     0200  1283               	bcf	3,5	;RP0=0, select bank0
  3160     0201  1303               	bcf	3,6	;RP1=0, select bank0
  3161     0202  00AC               	movwf	___lldiv@dividend+3
  3162     0203  0874               	movf	?___lmul+2,w
  3163     0204  00AB               	movwf	___lldiv@dividend+2
  3164     0205  0873               	movf	?___lmul+1,w
  3165     0206  00AA               	movwf	___lldiv@dividend+1
  3166     0207  0872               	movf	?___lmul,w
  3167     0208  00A9               	movwf	___lldiv@dividend
  3168     0209  118A  2668  118A   	fcall	___lldiv
  3169     020C  1283               	bcf	3,5	;RP0=0, select bank0
  3170     020D  1303               	bcf	3,6	;RP1=0, select bank0
  3171     020E  0828               	movf	?___lldiv+3,w
  3172     020F  1683               	bsf	3,5	;RP0=1, select bank1
  3173     0210  1303               	bcf	3,6	;RP1=0, select bank1
  3174     0211  00B3               	movwf	(ACS712_ReadAC@voltage_rms_mv+3)^(0+128)
  3175     0212  1283               	bcf	3,5	;RP0=0, select bank0
  3176     0213  1303               	bcf	3,6	;RP1=0, select bank0
  3177     0214  0827               	movf	?___lldiv+2,w
  3178     0215  1683               	bsf	3,5	;RP0=1, select bank1
  3179     0216  1303               	bcf	3,6	;RP1=0, select bank1
  3180     0217  00B2               	movwf	(ACS712_ReadAC@voltage_rms_mv+2)^(0+128)
  3181     0218  1283               	bcf	3,5	;RP0=0, select bank0
  3182     0219  1303               	bcf	3,6	;RP1=0, select bank0
  3183     021A  0826               	movf	?___lldiv+1,w
  3184     021B  1683               	bsf	3,5	;RP0=1, select bank1
  3185     021C  1303               	bcf	3,6	;RP1=0, select bank1
  3186     021D  00B1               	movwf	(ACS712_ReadAC@voltage_rms_mv+1)^(0+128)
  3187     021E  1283               	bcf	3,5	;RP0=0, select bank0
  3188     021F  1303               	bcf	3,6	;RP1=0, select bank0
  3189     0220  0825               	movf	?___lldiv,w
  3190     0221  1683               	bsf	3,5	;RP0=1, select bank1
  3191     0222  1303               	bcf	3,6	;RP1=0, select bank1
  3192     0223  00B0               	movwf	ACS712_ReadAC@voltage_rms_mv^(0+128)
  3193     0224                     l1773:
  3194                           
  3195                           ;ACS712.c: 81:     unsigned long current_mA = (voltage_rms_mv * 1000) / sensor->sensitiv
      +                          ity_mV_A;
  3196     0224  1283               	bcf	3,5	;RP0=0, select bank0
  3197     0225  1303               	bcf	3,6	;RP1=0, select bank0
  3198     0226  0843               	movf	ACS712_ReadAC@sensor,w
  3199     0227  3E07               	addlw	7
  3200     0228  00C6               	movwf	??_ACS712_ReadAC
  3201     0229  0844               	movf	ACS712_ReadAC@sensor+1,w
  3202     022A  1803               	skipnc
  3203     022B  3E01               	addlw	1
  3204     022C  3E00               	addlw	0
  3205     022D  00C7               	movwf	??_ACS712_ReadAC+1
  3206     022E  0846               	movf	??_ACS712_ReadAC,w
  3207     022F  0084               	movwf	4
  3208     0230  1783               	bsf	3,7
  3209     0231  1C47               	btfss	??_ACS712_ReadAC+1,0
  3210     0232  1383               	bcf	3,7
  3211     0233  0800               	movf	0,w
  3212     0234  00C8               	movwf	??_ACS712_ReadAC+2
  3213     0235  0A84               	incf	4,f
  3214     0236  0800               	movf	0,w
  3215     0237  00C9               	movwf	??_ACS712_ReadAC+3
  3216     0238  0848               	movf	??_ACS712_ReadAC+2,w
  3217     0239  00A5               	movwf	___lldiv@divisor
  3218     023A  0849               	movf	??_ACS712_ReadAC+3,w
  3219     023B  00A6               	movwf	___lldiv@divisor+1
  3220     023C  01A7               	clrf	___lldiv@divisor+2
  3221     023D  01A8               	clrf	___lldiv@divisor+3
  3222     023E  1683               	bsf	3,5	;RP0=1, select bank1
  3223     023F  1303               	bcf	3,6	;RP1=0, select bank1
  3224     0240  0833               	movf	(ACS712_ReadAC@voltage_rms_mv+3)^(0+128),w
  3225     0241  00F5               	movwf	___lmul@multiplier+3
  3226     0242  0832               	movf	(ACS712_ReadAC@voltage_rms_mv+2)^(0+128),w
  3227     0243  00F4               	movwf	___lmul@multiplier+2
  3228     0244  0831               	movf	(ACS712_ReadAC@voltage_rms_mv+1)^(0+128),w
  3229     0245  00F3               	movwf	___lmul@multiplier+1
  3230     0246  0830               	movf	ACS712_ReadAC@voltage_rms_mv^(0+128),w
  3231     0247  00F2               	movwf	___lmul@multiplier
  3232     0248  3000               	movlw	0
  3233     0249  00F9               	movwf	___lmul@multiplicand+3
  3234     024A  3000               	movlw	0
  3235     024B  00F8               	movwf	___lmul@multiplicand+2
  3236     024C  3003               	movlw	3
  3237     024D  00F7               	movwf	___lmul@multiplicand+1
  3238     024E  30E8               	movlw	232
  3239     024F  00F6               	movwf	___lmul@multiplicand
  3240     0250  158A  27B4  118A   	fcall	___lmul
  3241     0253  0875               	movf	?___lmul+3,w
  3242     0254  1283               	bcf	3,5	;RP0=0, select bank0
  3243     0255  1303               	bcf	3,6	;RP1=0, select bank0
  3244     0256  00AC               	movwf	___lldiv@dividend+3
  3245     0257  0874               	movf	?___lmul+2,w
  3246     0258  00AB               	movwf	___lldiv@dividend+2
  3247     0259  0873               	movf	?___lmul+1,w
  3248     025A  00AA               	movwf	___lldiv@dividend+1
  3249     025B  0872               	movf	?___lmul,w
  3250     025C  00A9               	movwf	___lldiv@dividend
  3251     025D  118A  2668  118A   	fcall	___lldiv
  3252     0260  1283               	bcf	3,5	;RP0=0, select bank0
  3253     0261  1303               	bcf	3,6	;RP1=0, select bank0
  3254     0262  0828               	movf	?___lldiv+3,w
  3255     0263  1683               	bsf	3,5	;RP0=1, select bank1
  3256     0264  1303               	bcf	3,6	;RP1=0, select bank1
  3257     0265  00B7               	movwf	(ACS712_ReadAC@current_mA+3)^(0+128)
  3258     0266  1283               	bcf	3,5	;RP0=0, select bank0
  3259     0267  1303               	bcf	3,6	;RP1=0, select bank0
  3260     0268  0827               	movf	?___lldiv+2,w
  3261     0269  1683               	bsf	3,5	;RP0=1, select bank1
  3262     026A  1303               	bcf	3,6	;RP1=0, select bank1
  3263     026B  00B6               	movwf	(ACS712_ReadAC@current_mA+2)^(0+128)
  3264     026C  1283               	bcf	3,5	;RP0=0, select bank0
  3265     026D  1303               	bcf	3,6	;RP1=0, select bank0
  3266     026E  0826               	movf	?___lldiv+1,w
  3267     026F  1683               	bsf	3,5	;RP0=1, select bank1
  3268     0270  1303               	bcf	3,6	;RP1=0, select bank1
  3269     0271  00B5               	movwf	(ACS712_ReadAC@current_mA+1)^(0+128)
  3270     0272  1283               	bcf	3,5	;RP0=0, select bank0
  3271     0273  1303               	bcf	3,6	;RP1=0, select bank0
  3272     0274  0825               	movf	?___lldiv,w
  3273     0275  1683               	bsf	3,5	;RP0=1, select bank1
  3274     0276  1303               	bcf	3,6	;RP1=0, select bank1
  3275     0277  00B4               	movwf	ACS712_ReadAC@current_mA^(0+128)
  3276     0278                     l1775:
  3277                           
  3278                           ;ACS712.c: 83:     return (unsigned int)current_mA;
  3279     0278  0835               	movf	(ACS712_ReadAC@current_mA+1)^(0+128),w
  3280     0279  1283               	bcf	3,5	;RP0=0, select bank0
  3281     027A  1303               	bcf	3,6	;RP1=0, select bank0
  3282     027B  00C4               	movwf	?_ACS712_ReadAC+1
  3283     027C  1683               	bsf	3,5	;RP0=1, select bank1
  3284     027D  1303               	bcf	3,6	;RP1=0, select bank1
  3285     027E  0834               	movf	ACS712_ReadAC@current_mA^(0+128),w
  3286     027F  1283               	bcf	3,5	;RP0=0, select bank0
  3287     0280  1303               	bcf	3,6	;RP1=0, select bank0
  3288     0281  00C3               	movwf	?_ACS712_ReadAC
  3289     0282                     l32:
  3290     0282  0008               	return
  3291     0283                     __end_of_ACS712_ReadAC:
  3292                           
  3293                           	psect	text12
  3294     0790                     __ptext12:	
  3295 ;; *************** function _micros *****************
  3296 ;; Defined at:
  3297 ;;		line 40 in file "Timer_lib.c"
  3298 ;; Parameters:    Size  Location     Type
  3299 ;;		None
  3300 ;; Auto vars:     Size  Location     Type
  3301 ;;  micros_now      4    0[BANK0 ] unsigned long 
  3302 ;;  tmr_snapshot    1    4[BANK0 ] unsigned char 
  3303 ;; Return value:  Size  Location     Type
  3304 ;;                  4    2[COMMON] unsigned long 
  3305 ;; Registers used:
  3306 ;;		wreg, status,2, status,0
  3307 ;; Tracked objects:
  3308 ;;		On entry : 0/0
  3309 ;;		On exit  : 0/0
  3310 ;;		Unchanged: 0/0
  3311 ;; Data sizes:     COMMON   BANK0   BANK1   BANK3   BANK2
  3312 ;;      Params:         4       0       0       0       0
  3313 ;;      Locals:         0       5       0       0       0
  3314 ;;      Temps:          1       0       0       0       0
  3315 ;;      Totals:         5       5       0       0       0
  3316 ;;Total ram usage:       10 bytes
  3317 ;; Hardware stack levels used: 1
  3318 ;; Hardware stack levels required when called: 1
  3319 ;; This function calls:
  3320 ;;		Nothing
  3321 ;; This function is called by:
  3322 ;;		_ACS712_ReadAC
  3323 ;;		_millis
  3324 ;; This function uses a non-reentrant model
  3325 ;;
  3326                           
  3327     0790                     _micros:	
  3328                           ;psect for function _micros
  3329                           
  3330     0790                     l201:	
  3331                           ;incstack = 0
  3332                           ; Regs used in _micros: [wreg+status,2+status,0]
  3333                           ;Timer_lib.c: 41:     unsigned long micros_now;;Timer_lib.c: 42:     unsigned char tmr_s
      +                          napshot;;Timer_lib.c: 44:     do {
  3334                           
  3335     0790                     l1583:
  3336                           
  3337                           ;Timer_lib.c: 45:         tmr_snapshot = TMR0;
  3338     0790  1283               	bcf	3,5	;RP0=0, select bank0
  3339     0791  1303               	bcf	3,6	;RP1=0, select bank0
  3340     0792  0801               	movf	1,w	;volatile
  3341     0793  00A4               	movwf	micros@tmr_snapshot
  3342                           
  3343                           ;Timer_lib.c: 46:         micros_now = micros_counter;
  3344     0794  1683               	bsf	3,5	;RP0=1, select bank1
  3345     0795  1303               	bcf	3,6	;RP1=0, select bank1
  3346     0796  084B               	movf	(_micros_counter+3)^(0+128),w	;volatile
  3347     0797  1283               	bcf	3,5	;RP0=0, select bank0
  3348     0798  1303               	bcf	3,6	;RP1=0, select bank0
  3349     0799  00A3               	movwf	micros@micros_now+3
  3350     079A  1683               	bsf	3,5	;RP0=1, select bank1
  3351     079B  1303               	bcf	3,6	;RP1=0, select bank1
  3352     079C  084A               	movf	(_micros_counter+2)^(0+128),w	;volatile
  3353     079D  1283               	bcf	3,5	;RP0=0, select bank0
  3354     079E  1303               	bcf	3,6	;RP1=0, select bank0
  3355     079F  00A2               	movwf	micros@micros_now+2
  3356     07A0  1683               	bsf	3,5	;RP0=1, select bank1
  3357     07A1  1303               	bcf	3,6	;RP1=0, select bank1
  3358     07A2  0849               	movf	(_micros_counter+1)^(0+128),w	;volatile
  3359     07A3  1283               	bcf	3,5	;RP0=0, select bank0
  3360     07A4  1303               	bcf	3,6	;RP1=0, select bank0
  3361     07A5  00A1               	movwf	micros@micros_now+1
  3362     07A6  1683               	bsf	3,5	;RP0=1, select bank1
  3363     07A7  1303               	bcf	3,6	;RP1=0, select bank1
  3364     07A8  0848               	movf	_micros_counter^(0+128),w	;volatile
  3365     07A9  1283               	bcf	3,5	;RP0=0, select bank0
  3366     07AA  1303               	bcf	3,6	;RP1=0, select bank0
  3367     07AB  00A0               	movwf	micros@micros_now
  3368                           
  3369                           ;Timer_lib.c: 47:     } while (TMR0 < tmr_snapshot);
  3370     07AC  0824               	movf	micros@tmr_snapshot,w
  3371     07AD  0201               	subwf	1,w	;volatile
  3372     07AE  1C03               	skipc
  3373     07AF  2FB1               	goto	u1521
  3374     07B0  2FB2               	goto	u1520
  3375     07B1                     u1521:
  3376     07B1  2F90               	goto	l201
  3377     07B2                     u1520:
  3378     07B2                     l1585:
  3379                           
  3380                           ;Timer_lib.c: 50:     if (current_freq_mhz == 8) {
  3381     07B2  3008               	movlw	8
  3382     07B3  067B               	xorwf	_current_freq_mhz,w	;volatile
  3383     07B4  1D03               	btfss	3,2
  3384     07B5  2FB7               	goto	u1531
  3385     07B6  2FB8               	goto	u1530
  3386     07B7                     u1531:
  3387     07B7  2FCD               	goto	l1593
  3388     07B8                     u1530:
  3389     07B8                     l1587:
  3390                           
  3391                           ;Timer_lib.c: 52:         return micros_now + (tmr_snapshot >> 1);
  3392     07B8  0824               	movf	micros@tmr_snapshot,w
  3393     07B9  00F6               	movwf	??_micros
  3394     07BA  1003               	clrc
  3395     07BB  0C76               	rrf	??_micros,w
  3396     07BC  0720               	addwf	micros@micros_now,w
  3397     07BD  00F2               	movwf	?_micros
  3398     07BE  0821               	movf	micros@micros_now+1,w
  3399     07BF  1803               	skipnc
  3400     07C0  0F21               	incfsz	micros@micros_now+1,w
  3401     07C1  1003               	clrc
  3402     07C2  00F3               	movwf	?_micros+1
  3403     07C3  0822               	movf	micros@micros_now+2,w
  3404     07C4  1803               	skipnc
  3405     07C5  0F22               	incfsz	micros@micros_now+2,w
  3406     07C6  1003               	clrc
  3407     07C7  00F4               	movwf	?_micros+2
  3408     07C8  0823               	movf	micros@micros_now+3,w
  3409     07C9  1803               	skipnc
  3410     07CA  0A23               	incf	micros@micros_now+3,w
  3411     07CB  00F5               	movwf	?_micros+3
  3412     07CC  2FDE               	goto	l204
  3413     07CD                     l1593:
  3414                           
  3415                           ;Timer_lib.c: 55:         return micros_now + tmr_snapshot;
  3416     07CD  0824               	movf	micros@tmr_snapshot,w
  3417     07CE  0720               	addwf	micros@micros_now,w
  3418     07CF  00F2               	movwf	?_micros
  3419     07D0  0821               	movf	micros@micros_now+1,w
  3420     07D1  1803               	skipnc
  3421     07D2  0F21               	incfsz	micros@micros_now+1,w
  3422     07D3  1003               	clrc
  3423     07D4  00F3               	movwf	?_micros+1
  3424     07D5  0822               	movf	micros@micros_now+2,w
  3425     07D6  1803               	skipnc
  3426     07D7  0F22               	incfsz	micros@micros_now+2,w
  3427     07D8  1003               	clrc
  3428     07D9  00F4               	movwf	?_micros+2
  3429     07DA  0823               	movf	micros@micros_now+3,w
  3430     07DB  1803               	skipnc
  3431     07DC  0A23               	incf	micros@micros_now+3,w
  3432     07DD  00F5               	movwf	?_micros+3
  3433     07DE                     l204:
  3434     07DE  0008               	return
  3435     07DF                     __end_of_micros:
  3436                           
  3437                           	psect	text13
  3438     0425                     __ptext13:	
  3439 ;; *************** function _isqrt *****************
  3440 ;; Defined at:
  3441 ;;		line 7 in file "ACS712.c"
  3442 ;; Parameters:    Size  Location     Type
  3443 ;;  n               4   19[BANK0 ] unsigned long 
  3444 ;; Auto vars:     Size  Location     Type
  3445 ;;  x               4   31[BANK0 ] unsigned long 
  3446 ;;  y               4   27[BANK0 ] unsigned long 
  3447 ;; Return value:  Size  Location     Type
  3448 ;;                  4   19[BANK0 ] unsigned long 
  3449 ;; Registers used:
  3450 ;;		wreg, status,2, status,0, pclath, cstack
  3451 ;; Tracked objects:
  3452 ;;		On entry : 0/0
  3453 ;;		On exit  : 0/0
  3454 ;;		Unchanged: 0/0
  3455 ;; Data sizes:     COMMON   BANK0   BANK1   BANK3   BANK2
  3456 ;;      Params:         0       4       0       0       0
  3457 ;;      Locals:         0       8       0       0       0
  3458 ;;      Temps:          0       4       0       0       0
  3459 ;;      Totals:         0      16       0       0       0
  3460 ;;Total ram usage:       16 bytes
  3461 ;; Hardware stack levels used: 1
  3462 ;; Hardware stack levels required when called: 2
  3463 ;; This function calls:
  3464 ;;		___lldiv
  3465 ;; This function is called by:
  3466 ;;		_ACS712_ReadAC
  3467 ;; This function uses a non-reentrant model
  3468 ;;
  3469                           
  3470     0425                     _isqrt:	
  3471                           ;psect for function _isqrt
  3472                           
  3473     0425                     l1559:	
  3474                           ;incstack = 0
  3475                           ; Regs used in _isqrt: [wreg+status,2+status,0+pclath+cstack]
  3476                           
  3477                           
  3478                           ;ACS712.c: 8:     unsigned long x = n;
  3479     0425  1283               	bcf	3,5	;RP0=0, select bank0
  3480     0426  1303               	bcf	3,6	;RP1=0, select bank0
  3481     0427  0836               	movf	isqrt@n+3,w
  3482     0428  00C2               	movwf	isqrt@x+3
  3483     0429  0835               	movf	isqrt@n+2,w
  3484     042A  00C1               	movwf	isqrt@x+2
  3485     042B  0834               	movf	isqrt@n+1,w
  3486     042C  00C0               	movwf	isqrt@x+1
  3487     042D  0833               	movf	isqrt@n,w
  3488     042E  00BF               	movwf	isqrt@x
  3489     042F                     l1561:
  3490                           
  3491                           ;ACS712.c: 9:     unsigned long y = (x + 1) / 2;
  3492     042F  3001               	movlw	1
  3493     0430  00B7               	movwf	??_isqrt
  3494     0431  3000               	movlw	0
  3495     0432  00B8               	movwf	??_isqrt+1
  3496     0433  3000               	movlw	0
  3497     0434  00B9               	movwf	??_isqrt+2
  3498     0435  3000               	movlw	0
  3499     0436  00BA               	movwf	??_isqrt+3
  3500     0437  083F               	movf	isqrt@x,w
  3501     0438  07B7               	addwf	??_isqrt,f
  3502     0439  0840               	movf	isqrt@x+1,w
  3503     043A  1803               	skipnc
  3504     043B  0F40               	incfsz	isqrt@x+1,w
  3505     043C  2C3E               	goto	u1460
  3506     043D  2C3F               	goto	u1461
  3507     043E                     u1460:
  3508     043E  07B8               	addwf	??_isqrt+1,f
  3509     043F                     u1461:
  3510     043F  0841               	movf	isqrt@x+2,w
  3511     0440  1803               	skipnc
  3512     0441  0F41               	incfsz	isqrt@x+2,w
  3513     0442  2C44               	goto	u1462
  3514     0443  2C45               	goto	u1463
  3515     0444                     u1462:
  3516     0444  07B9               	addwf	??_isqrt+2,f
  3517     0445                     u1463:
  3518     0445  0842               	movf	isqrt@x+3,w
  3519     0446  1803               	skipnc
  3520     0447  0A42               	incf	isqrt@x+3,w
  3521     0448  07BA               	addwf	??_isqrt+3,f
  3522     0449  3001               	movlw	1
  3523     044A                     u1475:
  3524     044A  1003               	clrc
  3525     044B  0CBA               	rrf	??_isqrt+3,f
  3526     044C  0CB9               	rrf	??_isqrt+2,f
  3527     044D  0CB8               	rrf	??_isqrt+1,f
  3528     044E  0CB7               	rrf	??_isqrt,f
  3529     044F                     u1470:
  3530     044F  3EFF               	addlw	-1
  3531     0450  1D03               	skipz
  3532     0451  2C4A               	goto	u1475
  3533     0452  083A               	movf	??_isqrt+3,w
  3534     0453  00BE               	movwf	isqrt@y+3
  3535     0454  0839               	movf	??_isqrt+2,w
  3536     0455  00BD               	movwf	isqrt@y+2
  3537     0456  0838               	movf	??_isqrt+1,w
  3538     0457  00BC               	movwf	isqrt@y+1
  3539     0458  0837               	movf	??_isqrt,w
  3540     0459  00BB               	movwf	isqrt@y
  3541                           
  3542                           ;ACS712.c: 10:     while (y < x) {
  3543     045A  2CA4               	goto	l1567
  3544     045B                     l1563:
  3545                           
  3546                           ;ACS712.c: 11:         x = y;
  3547     045B  083E               	movf	isqrt@y+3,w
  3548     045C  00C2               	movwf	isqrt@x+3
  3549     045D  083D               	movf	isqrt@y+2,w
  3550     045E  00C1               	movwf	isqrt@x+2
  3551     045F  083C               	movf	isqrt@y+1,w
  3552     0460  00C0               	movwf	isqrt@x+1
  3553     0461  083B               	movf	isqrt@y,w
  3554     0462  00BF               	movwf	isqrt@x
  3555     0463                     l1565:
  3556                           
  3557                           ;ACS712.c: 12:         y = (x + n / y) / 2;
  3558     0463  083E               	movf	isqrt@y+3,w
  3559     0464  00A8               	movwf	___lldiv@divisor+3
  3560     0465  083D               	movf	isqrt@y+2,w
  3561     0466  00A7               	movwf	___lldiv@divisor+2
  3562     0467  083C               	movf	isqrt@y+1,w
  3563     0468  00A6               	movwf	___lldiv@divisor+1
  3564     0469  083B               	movf	isqrt@y,w
  3565     046A  00A5               	movwf	___lldiv@divisor
  3566     046B  0836               	movf	isqrt@n+3,w
  3567     046C  00AC               	movwf	___lldiv@dividend+3
  3568     046D  0835               	movf	isqrt@n+2,w
  3569     046E  00AB               	movwf	___lldiv@dividend+2
  3570     046F  0834               	movf	isqrt@n+1,w
  3571     0470  00AA               	movwf	___lldiv@dividend+1
  3572     0471  0833               	movf	isqrt@n,w
  3573     0472  00A9               	movwf	___lldiv@dividend
  3574     0473  118A  2668  118A   	fcall	___lldiv
  3575     0476  1283               	bcf	3,5	;RP0=0, select bank0
  3576     0477  1303               	bcf	3,6	;RP1=0, select bank0
  3577     0478  0825               	movf	?___lldiv,w
  3578     0479  073F               	addwf	isqrt@x,w
  3579     047A  00B7               	movwf	??_isqrt
  3580     047B  3000               	movlw	0
  3581     047C  1803               	skipnc
  3582     047D  3001               	movlw	1
  3583     047E  0726               	addwf	?___lldiv+1,w
  3584     047F  01B9               	clrf	??_isqrt+2
  3585     0480  1803               	skipnc
  3586     0481  0AB9               	incf	??_isqrt+2,f
  3587     0482  0740               	addwf	isqrt@x+1,w
  3588     0483  00B8               	movwf	??_isqrt+1
  3589     0484  1803               	skipnc
  3590     0485  0AB9               	incf	??_isqrt+2,f
  3591     0486  0827               	movf	?___lldiv+2,w
  3592     0487  0739               	addwf	??_isqrt+2,w
  3593     0488  01BA               	clrf	??_isqrt+3
  3594     0489  1803               	skipnc
  3595     048A  0ABA               	incf	??_isqrt+3,f
  3596     048B  0741               	addwf	isqrt@x+2,w
  3597     048C  00B9               	movwf	??_isqrt+2
  3598     048D  1803               	skipnc
  3599     048E  0ABA               	incf	??_isqrt+3,f
  3600     048F  0828               	movf	?___lldiv+3,w
  3601     0490  073A               	addwf	??_isqrt+3,w
  3602     0491  0742               	addwf	isqrt@x+3,w
  3603     0492  00BA               	movwf	??_isqrt+3
  3604     0493  3001               	movlw	1
  3605     0494                     u1485:
  3606     0494  1003               	clrc
  3607     0495  0CBA               	rrf	??_isqrt+3,f
  3608     0496  0CB9               	rrf	??_isqrt+2,f
  3609     0497  0CB8               	rrf	??_isqrt+1,f
  3610     0498  0CB7               	rrf	??_isqrt,f
  3611     0499                     u1480:
  3612     0499  3EFF               	addlw	-1
  3613     049A  1D03               	skipz
  3614     049B  2C94               	goto	u1485
  3615     049C  083A               	movf	??_isqrt+3,w
  3616     049D  00BE               	movwf	isqrt@y+3
  3617     049E  0839               	movf	??_isqrt+2,w
  3618     049F  00BD               	movwf	isqrt@y+2
  3619     04A0  0838               	movf	??_isqrt+1,w
  3620     04A1  00BC               	movwf	isqrt@y+1
  3621     04A2  0837               	movf	??_isqrt,w
  3622     04A3  00BB               	movwf	isqrt@y
  3623     04A4                     l1567:
  3624                           
  3625                           ;ACS712.c: 10:     while (y < x) {
  3626     04A4  0842               	movf	isqrt@x+3,w
  3627     04A5  023E               	subwf	isqrt@y+3,w
  3628     04A6  1D03               	skipz
  3629     04A7  2CB2               	goto	u1495
  3630     04A8  0841               	movf	isqrt@x+2,w
  3631     04A9  023D               	subwf	isqrt@y+2,w
  3632     04AA  1D03               	skipz
  3633     04AB  2CB2               	goto	u1495
  3634     04AC  0840               	movf	isqrt@x+1,w
  3635     04AD  023C               	subwf	isqrt@y+1,w
  3636     04AE  1D03               	skipz
  3637     04AF  2CB2               	goto	u1495
  3638     04B0  083F               	movf	isqrt@x,w
  3639     04B1  023B               	subwf	isqrt@y,w
  3640     04B2                     u1495:
  3641     04B2  1C03               	skipc
  3642     04B3  2CB5               	goto	u1491
  3643     04B4  2CB6               	goto	u1490
  3644     04B5                     u1491:
  3645     04B5  2C5B               	goto	l1563
  3646     04B6                     u1490:
  3647     04B6                     l1569:
  3648                           
  3649                           ;ACS712.c: 14:     return x;
  3650     04B6  0842               	movf	isqrt@x+3,w
  3651     04B7  00B6               	movwf	?_isqrt+3
  3652     04B8  0841               	movf	isqrt@x+2,w
  3653     04B9  00B5               	movwf	?_isqrt+2
  3654     04BA  0840               	movf	isqrt@x+1,w
  3655     04BB  00B4               	movwf	?_isqrt+1
  3656     04BC  083F               	movf	isqrt@x,w
  3657     04BD  00B3               	movwf	?_isqrt
  3658     04BE                     l10:
  3659     04BE  0008               	return
  3660     04BF                     __end_of_isqrt:
  3661                           
  3662                           	psect	text14
  3663     0FB4                     __ptext14:	
  3664 ;; *************** function ___lmul *****************
  3665 ;; Defined at:
  3666 ;;		line 15 in file "C:\Program Files\Microchip\xc8\v3.00\pic\sources\c99\common\Umul32.c"
  3667 ;; Parameters:    Size  Location     Type
  3668 ;;  multiplier      4    2[COMMON] unsigned long 
  3669 ;;  multiplicand    4    6[COMMON] unsigned long 
  3670 ;; Auto vars:     Size  Location     Type
  3671 ;;  product         4    0[BANK0 ] unsigned long 
  3672 ;; Return value:  Size  Location     Type
  3673 ;;                  4    2[COMMON] unsigned long 
  3674 ;; Registers used:
  3675 ;;		wreg, status,2, status,0
  3676 ;; Tracked objects:
  3677 ;;		On entry : 0/0
  3678 ;;		On exit  : 0/0
  3679 ;;		Unchanged: 0/0
  3680 ;; Data sizes:     COMMON   BANK0   BANK1   BANK3   BANK2
  3681 ;;      Params:         8       0       0       0       0
  3682 ;;      Locals:         0       4       0       0       0
  3683 ;;      Temps:          1       0       0       0       0
  3684 ;;      Totals:         9       4       0       0       0
  3685 ;;Total ram usage:       13 bytes
  3686 ;; Hardware stack levels used: 1
  3687 ;; Hardware stack levels required when called: 1
  3688 ;; This function calls:
  3689 ;;		Nothing
  3690 ;; This function is called by:
  3691 ;;		_ACS712_ReadAC
  3692 ;; This function uses a non-reentrant model
  3693 ;;
  3694                           
  3695     0FB4                     ___lmul:	
  3696                           ;psect for function ___lmul
  3697                           
  3698     0FB4                     l1601:	
  3699                           ;incstack = 0
  3700                           ; Regs used in ___lmul: [wreg+status,2+status,0]
  3701                           
  3702     0FB4  3000               	movlw	0
  3703     0FB5  1283               	bcf	3,5	;RP0=0, select bank0
  3704     0FB6  1303               	bcf	3,6	;RP1=0, select bank0
  3705     0FB7  00A3               	movwf	___lmul@product+3
  3706     0FB8  3000               	movlw	0
  3707     0FB9  00A2               	movwf	___lmul@product+2
  3708     0FBA  3000               	movlw	0
  3709     0FBB  00A1               	movwf	___lmul@product+1
  3710     0FBC  3000               	movlw	0
  3711     0FBD  00A0               	movwf	___lmul@product
  3712     0FBE                     l1603:
  3713     0FBE  1C72               	btfss	___lmul@multiplier,0
  3714     0FBF  2FC1               	goto	u1551
  3715     0FC0  2FC2               	goto	u1550
  3716     0FC1                     u1551:
  3717     0FC1  2FDB               	goto	l1607
  3718     0FC2                     u1550:
  3719     0FC2                     l1605:
  3720     0FC2  0876               	movf	___lmul@multiplicand,w
  3721     0FC3  1283               	bcf	3,5	;RP0=0, select bank0
  3722     0FC4  1303               	bcf	3,6	;RP1=0, select bank0
  3723     0FC5  07A0               	addwf	___lmul@product,f
  3724     0FC6  0877               	movf	___lmul@multiplicand+1,w
  3725     0FC7  1103               	clrz
  3726     0FC8  1803               	skipnc
  3727     0FC9  3E01               	addlw	1
  3728     0FCA  1903               	skipnz
  3729     0FCB  2FCD               	goto	u1561
  3730     0FCC  07A1               	addwf	___lmul@product+1,f
  3731     0FCD                     u1561:
  3732     0FCD  0878               	movf	___lmul@multiplicand+2,w
  3733     0FCE  1103               	clrz
  3734     0FCF  1803               	skipnc
  3735     0FD0  3E01               	addlw	1
  3736     0FD1  1903               	skipnz
  3737     0FD2  2FD4               	goto	u1562
  3738     0FD3  07A2               	addwf	___lmul@product+2,f
  3739     0FD4                     u1562:
  3740     0FD4  0879               	movf	___lmul@multiplicand+3,w
  3741     0FD5  1103               	clrz
  3742     0FD6  1803               	skipnc
  3743     0FD7  3E01               	addlw	1
  3744     0FD8  1903               	skipnz
  3745     0FD9  2FDB               	goto	u1563
  3746     0FDA  07A3               	addwf	___lmul@product+3,f
  3747     0FDB                     u1563:
  3748     0FDB                     l1607:
  3749     0FDB  3001               	movlw	1
  3750     0FDC  00FA               	movwf	??___lmul
  3751     0FDD                     u1575:
  3752     0FDD  1003               	clrc
  3753     0FDE  0DF6               	rlf	___lmul@multiplicand,f
  3754     0FDF  0DF7               	rlf	___lmul@multiplicand+1,f
  3755     0FE0  0DF8               	rlf	___lmul@multiplicand+2,f
  3756     0FE1  0DF9               	rlf	___lmul@multiplicand+3,f
  3757     0FE2  0BFA               	decfsz	??___lmul,f
  3758     0FE3  2FDD               	goto	u1575
  3759     0FE4                     l1609:
  3760     0FE4  3001               	movlw	1
  3761     0FE5                     u1585:
  3762     0FE5  1003               	clrc
  3763     0FE6  0CF5               	rrf	___lmul@multiplier+3,f
  3764     0FE7  0CF4               	rrf	___lmul@multiplier+2,f
  3765     0FE8  0CF3               	rrf	___lmul@multiplier+1,f
  3766     0FE9  0CF2               	rrf	___lmul@multiplier,f
  3767     0FEA  3EFF               	addlw	-1
  3768     0FEB  1D03               	skipz
  3769     0FEC  2FE5               	goto	u1585
  3770     0FED  0875               	movf	___lmul@multiplier+3,w
  3771     0FEE  0474               	iorwf	___lmul@multiplier+2,w
  3772     0FEF  0473               	iorwf	___lmul@multiplier+1,w
  3773     0FF0  0472               	iorwf	___lmul@multiplier,w
  3774     0FF1  1D03               	skipz
  3775     0FF2  2FF4               	goto	u1591
  3776     0FF3  2FF5               	goto	u1590
  3777     0FF4                     u1591:
  3778     0FF4  2FBE               	goto	l1603
  3779     0FF5                     u1590:
  3780     0FF5                     l1611:
  3781     0FF5  1283               	bcf	3,5	;RP0=0, select bank0
  3782     0FF6  1303               	bcf	3,6	;RP1=0, select bank0
  3783     0FF7  0823               	movf	___lmul@product+3,w
  3784     0FF8  00F5               	movwf	?___lmul+3
  3785     0FF9  0822               	movf	___lmul@product+2,w
  3786     0FFA  00F4               	movwf	?___lmul+2
  3787     0FFB  0821               	movf	___lmul@product+1,w
  3788     0FFC  00F3               	movwf	?___lmul+1
  3789     0FFD  0820               	movf	___lmul@product,w
  3790     0FFE  00F2               	movwf	?___lmul
  3791     0FFF                     l293:
  3792     0FFF  0008               	return
  3793     1000                     __end_of___lmul:
  3794                           
  3795                           	psect	text15
  3796     0731                     __ptext15:	
  3797 ;; *************** function _ACS712_Init *****************
  3798 ;; Defined at:
  3799 ;;		line 17 in file "ACS712.c"
  3800 ;; Parameters:    Size  Location     Type
  3801 ;;  sensor          2    0[BANK0 ] PTR struct .
  3802 ;;		 -> mySensor(9), 
  3803 ;;  channel         1    2[BANK0 ] unsigned char 
  3804 ;;  v_ref_mv        2    3[BANK0 ] unsigned int 
  3805 ;;  adc_res         2    5[BANK0 ] int 
  3806 ;; Auto vars:     Size  Location     Type
  3807 ;;		None
  3808 ;; Return value:  Size  Location     Type
  3809 ;;                  1    wreg      void 
  3810 ;; Registers used:
  3811 ;;		wreg, fsr0l, fsr0h, status,2, status,0, pclath, cstack
  3812 ;; Tracked objects:
  3813 ;;		On entry : 0/0
  3814 ;;		On exit  : 0/0
  3815 ;;		Unchanged: 0/0
  3816 ;; Data sizes:     COMMON   BANK0   BANK1   BANK3   BANK2
  3817 ;;      Params:         0       7       0       0       0
  3818 ;;      Locals:         0       0       0       0       0
  3819 ;;      Temps:          0       2       0       0       0
  3820 ;;      Totals:         0       9       0       0       0
  3821 ;;Total ram usage:        9 bytes
  3822 ;; Hardware stack levels used: 1
  3823 ;; Hardware stack levels required when called: 2
  3824 ;; This function calls:
  3825 ;;		___awdiv
  3826 ;; This function is called by:
  3827 ;;		_main
  3828 ;; This function uses a non-reentrant model
  3829 ;;
  3830                           
  3831     0731                     _ACS712_Init:	
  3832                           ;psect for function _ACS712_Init
  3833                           
  3834     0731                     l1707:	
  3835                           ;incstack = 0
  3836                           ; Regs used in _ACS712_Init: [wreg-fsr0h+status,2+status,0+pclath+cstack]
  3837                           
  3838                           
  3839                           ;ACS712.c: 18:     sensor->adc_channel = channel;
  3840     0731  1283               	bcf	3,5	;RP0=0, select bank0
  3841     0732  1303               	bcf	3,6	;RP1=0, select bank0
  3842     0733  0820               	movf	ACS712_Init@sensor,w
  3843     0734  0084               	movwf	4
  3844     0735  1783               	bsf	3,7
  3845     0736  1C21               	btfss	ACS712_Init@sensor+1,0
  3846     0737  1383               	bcf	3,7
  3847     0738  0822               	movf	ACS712_Init@channel,w
  3848     0739  0080               	movwf	0
  3849     073A                     l1709:
  3850                           
  3851                           ;ACS712.c: 19:     sensor->voltage_reference_mv = v_ref_mv;
  3852     073A  0820               	movf	ACS712_Init@sensor,w
  3853     073B  3E01               	addlw	1
  3854     073C  00A7               	movwf	??_ACS712_Init
  3855     073D  0821               	movf	ACS712_Init@sensor+1,w
  3856     073E  1803               	skipnc
  3857     073F  3E01               	addlw	1
  3858     0740  3E00               	addlw	0
  3859     0741  00A8               	movwf	??_ACS712_Init+1
  3860     0742  0827               	movf	??_ACS712_Init,w
  3861     0743  0084               	movwf	4
  3862     0744  1783               	bsf	3,7
  3863     0745  1C28               	btfss	??_ACS712_Init+1,0
  3864     0746  1383               	bcf	3,7
  3865     0747  0823               	movf	ACS712_Init@v_ref_mv,w
  3866     0748  0080               	movwf	0
  3867     0749  0A84               	incf	4,f
  3868     074A  0824               	movf	ACS712_Init@v_ref_mv+1,w
  3869     074B  0080               	movwf	0
  3870     074C                     l1711:
  3871                           
  3872                           ;ACS712.c: 20:     sensor->adc_resolution = adc_res;
  3873     074C  0820               	movf	ACS712_Init@sensor,w
  3874     074D  3E03               	addlw	3
  3875     074E  00A7               	movwf	??_ACS712_Init
  3876     074F  0821               	movf	ACS712_Init@sensor+1,w
  3877     0750  1803               	skipnc
  3878     0751  3E01               	addlw	1
  3879     0752  3E00               	addlw	0
  3880     0753  00A8               	movwf	??_ACS712_Init+1
  3881     0754  0827               	movf	??_ACS712_Init,w
  3882     0755  0084               	movwf	4
  3883     0756  1783               	bsf	3,7
  3884     0757  1C28               	btfss	??_ACS712_Init+1,0
  3885     0758  1383               	bcf	3,7
  3886     0759  0825               	movf	ACS712_Init@adc_res,w
  3887     075A  0080               	movwf	0
  3888     075B  0A84               	incf	4,f
  3889     075C  0826               	movf	ACS712_Init@adc_res+1,w
  3890     075D  0080               	movwf	0
  3891     075E                     l1713:
  3892                           
  3893                           ;ACS712.c: 22:     sensor->sensitivity_mV_A = 100;
  3894     075E  0820               	movf	ACS712_Init@sensor,w
  3895     075F  3E07               	addlw	7
  3896     0760  00A7               	movwf	??_ACS712_Init
  3897     0761  0821               	movf	ACS712_Init@sensor+1,w
  3898     0762  1803               	skipnc
  3899     0763  3E01               	addlw	1
  3900     0764  3E00               	addlw	0
  3901     0765  00A8               	movwf	??_ACS712_Init+1
  3902     0766  0827               	movf	??_ACS712_Init,w
  3903     0767  0084               	movwf	4
  3904     0768  1783               	bsf	3,7
  3905     0769  1C28               	btfss	??_ACS712_Init+1,0
  3906     076A  1383               	bcf	3,7
  3907     076B  3064               	movlw	100
  3908     076C  0080               	movwf	0
  3909     076D  0A84               	incf	4,f
  3910     076E  3000               	movlw	0
  3911     076F  0080               	movwf	0
  3912     0770                     l1715:
  3913                           
  3914                           ;ACS712.c: 23:     sensor->zero_point = adc_res / 2;
  3915     0770  3002               	movlw	2
  3916     0771  00F2               	movwf	___awdiv@divisor
  3917     0772  3000               	movlw	0
  3918     0773  00F3               	movwf	___awdiv@divisor+1
  3919     0774  0826               	movf	ACS712_Init@adc_res+1,w
  3920     0775  00F5               	movwf	___awdiv@dividend+1
  3921     0776  0825               	movf	ACS712_Init@adc_res,w
  3922     0777  00F4               	movwf	___awdiv@dividend
  3923     0778  118A  26CE  118A   	fcall	___awdiv
  3924     077B  1283               	bcf	3,5	;RP0=0, select bank0
  3925     077C  1303               	bcf	3,6	;RP1=0, select bank0
  3926     077D  0820               	movf	ACS712_Init@sensor,w
  3927     077E  3E05               	addlw	5
  3928     077F  00A7               	movwf	??_ACS712_Init
  3929     0780  0821               	movf	ACS712_Init@sensor+1,w
  3930     0781  1803               	skipnc
  3931     0782  3E01               	addlw	1
  3932     0783  3E00               	addlw	0
  3933     0784  00A8               	movwf	??_ACS712_Init+1
  3934     0785  0827               	movf	??_ACS712_Init,w
  3935     0786  0084               	movwf	4
  3936     0787  1783               	bsf	3,7
  3937     0788  1C28               	btfss	??_ACS712_Init+1,0
  3938     0789  1383               	bcf	3,7
  3939     078A  0872               	movf	?___awdiv,w
  3940     078B  0080               	movwf	0
  3941     078C  0A84               	incf	4,f
  3942     078D  0873               	movf	?___awdiv+1,w
  3943     078E  0080               	movwf	0
  3944     078F                     l13:
  3945     078F  0008               	return
  3946     0790                     __end_of_ACS712_Init:
  3947                           
  3948                           	psect	text16
  3949     06CE                     __ptext16:	
  3950 ;; *************** function ___awdiv *****************
  3951 ;; Defined at:
  3952 ;;		line 5 in file "C:\Program Files\Microchip\xc8\v3.00\pic\sources\c99\common\awdiv.c"
  3953 ;; Parameters:    Size  Location     Type
  3954 ;;  divisor         2    2[COMMON] int 
  3955 ;;  dividend        2    4[COMMON] int 
  3956 ;; Auto vars:     Size  Location     Type
  3957 ;;  quotient        2    8[COMMON] int 
  3958 ;;  sign            1    7[COMMON] unsigned char 
  3959 ;;  counter         1    6[COMMON] unsigned char 
  3960 ;; Return value:  Size  Location     Type
  3961 ;;                  2    2[COMMON] int 
  3962 ;; Registers used:
  3963 ;;		wreg, status,2, status,0
  3964 ;; Tracked objects:
  3965 ;;		On entry : 0/0
  3966 ;;		On exit  : 0/0
  3967 ;;		Unchanged: 0/0
  3968 ;; Data sizes:     COMMON   BANK0   BANK1   BANK3   BANK2
  3969 ;;      Params:         4       0       0       0       0
  3970 ;;      Locals:         4       0       0       0       0
  3971 ;;      Temps:          0       0       0       0       0
  3972 ;;      Totals:         8       0       0       0       0
  3973 ;;Total ram usage:        8 bytes
  3974 ;; Hardware stack levels used: 1
  3975 ;; Hardware stack levels required when called: 1
  3976 ;; This function calls:
  3977 ;;		Nothing
  3978 ;; This function is called by:
  3979 ;;		_ACS712_Init
  3980 ;; This function uses a non-reentrant model
  3981 ;;
  3982                           
  3983     06CE                     ___awdiv:	
  3984                           ;psect for function ___awdiv
  3985                           
  3986     06CE                     l1615:	
  3987                           ;incstack = 0
  3988                           ; Regs used in ___awdiv: [wreg+status,2+status,0]
  3989                           
  3990     06CE  01F7               	clrf	___awdiv@sign
  3991     06CF                     l1617:
  3992     06CF  1FF3               	btfss	___awdiv@divisor+1,7
  3993     06D0  2ED2               	goto	u1601
  3994     06D1  2ED3               	goto	u1600
  3995     06D2                     u1601:
  3996     06D2  2EDA               	goto	l1623
  3997     06D3                     u1600:
  3998     06D3                     l1619:
  3999     06D3  09F2               	comf	___awdiv@divisor,f
  4000     06D4  09F3               	comf	___awdiv@divisor+1,f
  4001     06D5  0AF2               	incf	___awdiv@divisor,f
  4002     06D6  1903               	skipnz
  4003     06D7  0AF3               	incf	___awdiv@divisor+1,f
  4004     06D8                     l1621:
  4005     06D8  3001               	movlw	1
  4006     06D9  00F7               	movwf	___awdiv@sign
  4007     06DA                     l1623:
  4008     06DA  1FF5               	btfss	___awdiv@dividend+1,7
  4009     06DB  2EDD               	goto	u1611
  4010     06DC  2EDE               	goto	u1610
  4011     06DD                     u1611:
  4012     06DD  2EE5               	goto	l1629
  4013     06DE                     u1610:
  4014     06DE                     l1625:
  4015     06DE  09F4               	comf	___awdiv@dividend,f
  4016     06DF  09F5               	comf	___awdiv@dividend+1,f
  4017     06E0  0AF4               	incf	___awdiv@dividend,f
  4018     06E1  1903               	skipnz
  4019     06E2  0AF5               	incf	___awdiv@dividend+1,f
  4020     06E3                     l1627:
  4021     06E3  3001               	movlw	1
  4022     06E4  06F7               	xorwf	___awdiv@sign,f
  4023     06E5                     l1629:
  4024     06E5  01F8               	clrf	___awdiv@quotient
  4025     06E6  01F9               	clrf	___awdiv@quotient+1
  4026     06E7                     l1631:
  4027     06E7  0872               	movf	___awdiv@divisor,w
  4028     06E8  0473               	iorwf	___awdiv@divisor+1,w
  4029     06E9  1903               	btfsc	3,2
  4030     06EA  2EEC               	goto	u1621
  4031     06EB  2EED               	goto	u1620
  4032     06EC                     u1621:
  4033     06EC  2F22               	goto	l1651
  4034     06ED                     u1620:
  4035     06ED                     l1633:
  4036     06ED  3001               	movlw	1
  4037     06EE  00F6               	movwf	___awdiv@counter
  4038     06EF  2EF9               	goto	l1639
  4039     06F0                     l1635:
  4040     06F0  3001               	movlw	1
  4041     06F1                     u1635:
  4042     06F1  1003               	clrc
  4043     06F2  0DF2               	rlf	___awdiv@divisor,f
  4044     06F3  0DF3               	rlf	___awdiv@divisor+1,f
  4045     06F4  3EFF               	addlw	-1
  4046     06F5  1D03               	skipz
  4047     06F6  2EF1               	goto	u1635
  4048     06F7                     l1637:
  4049     06F7  3001               	movlw	1
  4050     06F8  07F6               	addwf	___awdiv@counter,f
  4051     06F9                     l1639:
  4052     06F9  1FF3               	btfss	___awdiv@divisor+1,7
  4053     06FA  2EFC               	goto	u1641
  4054     06FB  2EFD               	goto	u1640
  4055     06FC                     u1641:
  4056     06FC  2EF0               	goto	l1635
  4057     06FD                     u1640:
  4058     06FD                     l1641:
  4059     06FD  3001               	movlw	1
  4060     06FE                     u1655:
  4061     06FE  1003               	clrc
  4062     06FF  0DF8               	rlf	___awdiv@quotient,f
  4063     0700  0DF9               	rlf	___awdiv@quotient+1,f
  4064     0701  3EFF               	addlw	-1
  4065     0702  1D03               	skipz
  4066     0703  2EFE               	goto	u1655
  4067     0704  0873               	movf	___awdiv@divisor+1,w
  4068     0705  0275               	subwf	___awdiv@dividend+1,w
  4069     0706  1D03               	skipz
  4070     0707  2F0A               	goto	u1665
  4071     0708  0872               	movf	___awdiv@divisor,w
  4072     0709  0274               	subwf	___awdiv@dividend,w
  4073     070A                     u1665:
  4074     070A  1C03               	skipc
  4075     070B  2F0D               	goto	u1661
  4076     070C  2F0E               	goto	u1660
  4077     070D                     u1661:
  4078     070D  2F15               	goto	l1647
  4079     070E                     u1660:
  4080     070E                     l1643:
  4081     070E  0872               	movf	___awdiv@divisor,w
  4082     070F  02F4               	subwf	___awdiv@dividend,f
  4083     0710  0873               	movf	___awdiv@divisor+1,w
  4084     0711  1C03               	skipc
  4085     0712  03F5               	decf	___awdiv@dividend+1,f
  4086     0713  02F5               	subwf	___awdiv@dividend+1,f
  4087     0714                     l1645:
  4088     0714  1478               	bsf	___awdiv@quotient,0
  4089     0715                     l1647:
  4090     0715  3001               	movlw	1
  4091     0716                     u1675:
  4092     0716  1003               	clrc
  4093     0717  0CF3               	rrf	___awdiv@divisor+1,f
  4094     0718  0CF2               	rrf	___awdiv@divisor,f
  4095     0719  3EFF               	addlw	-1
  4096     071A  1D03               	skipz
  4097     071B  2F16               	goto	u1675
  4098     071C                     l1649:
  4099     071C  3001               	movlw	1
  4100     071D  02F6               	subwf	___awdiv@counter,f
  4101     071E  1D03               	btfss	3,2
  4102     071F  2F21               	goto	u1681
  4103     0720  2F22               	goto	u1680
  4104     0721                     u1681:
  4105     0721  2EFD               	goto	l1641
  4106     0722                     u1680:
  4107     0722                     l1651:
  4108     0722  0877               	movf	___awdiv@sign,w
  4109     0723  1903               	btfsc	3,2
  4110     0724  2F26               	goto	u1691
  4111     0725  2F27               	goto	u1690
  4112     0726                     u1691:
  4113     0726  2F2C               	goto	l1655
  4114     0727                     u1690:
  4115     0727                     l1653:
  4116     0727  09F8               	comf	___awdiv@quotient,f
  4117     0728  09F9               	comf	___awdiv@quotient+1,f
  4118     0729  0AF8               	incf	___awdiv@quotient,f
  4119     072A  1903               	skipnz
  4120     072B  0AF9               	incf	___awdiv@quotient+1,f
  4121     072C                     l1655:
  4122     072C  0879               	movf	___awdiv@quotient+1,w
  4123     072D  00F3               	movwf	?___awdiv+1
  4124     072E  0878               	movf	___awdiv@quotient,w
  4125     072F  00F2               	movwf	?___awdiv
  4126     0730                     l432:
  4127     0730  0008               	return
  4128     0731                     __end_of___awdiv:
  4129                           
  4130                           	psect	text17
  4131     0551                     __ptext17:	
  4132 ;; *************** function _ACS712_Calibrate *****************
  4133 ;; Defined at:
  4134 ;;		line 30 in file "ACS712.c"
  4135 ;; Parameters:    Size  Location     Type
  4136 ;;  sensor          2   19[BANK0 ] PTR struct .
  4137 ;;		 -> mySensor(9), 
  4138 ;; Auto vars:     Size  Location     Type
  4139 ;;  accumulator     4   25[BANK0 ] unsigned long 
  4140 ;;  i               2   29[BANK0 ] int 
  4141 ;; Return value:  Size  Location     Type
  4142 ;;                  1    wreg      void 
  4143 ;; Registers used:
  4144 ;;		wreg, fsr0l, fsr0h, status,2, status,0, btemp+1, pclath, cstack
  4145 ;; Tracked objects:
  4146 ;;		On entry : 0/0
  4147 ;;		On exit  : 0/0
  4148 ;;		Unchanged: 0/0
  4149 ;; Data sizes:     COMMON   BANK0   BANK1   BANK3   BANK2
  4150 ;;      Params:         0       2       0       0       0
  4151 ;;      Locals:         0       6       0       0       0
  4152 ;;      Temps:          0       4       0       0       0
  4153 ;;      Totals:         0      12       0       0       0
  4154 ;;Total ram usage:       12 bytes
  4155 ;; Hardware stack levels used: 1
  4156 ;; Hardware stack levels required when called: 2
  4157 ;; This function calls:
  4158 ;;		_ADC_Read
  4159 ;;		___lldiv
  4160 ;; This function is called by:
  4161 ;;		_main
  4162 ;; This function uses a non-reentrant model
  4163 ;;
  4164                           
  4165     0551                     _ACS712_Calibrate:	
  4166                           ;psect for function _ACS712_Calibrate
  4167                           
  4168     0551                     l1719:	
  4169                           ;incstack = 0
  4170                           ; Regs used in _ACS712_Calibrate: [wreg-fsr0h+status,2+status,0+btemp+1+pclath+cstack]
  4171                           
  4172                           
  4173                           ;ACS712.c: 31:     int i;;ACS712.c: 32:     unsigned long accumulator = 0;
  4174     0551  3000               	movlw	0
  4175     0552  1283               	bcf	3,5	;RP0=0, select bank0
  4176     0553  1303               	bcf	3,6	;RP1=0, select bank0
  4177     0554  00BC               	movwf	ACS712_Calibrate@accumulator+3
  4178     0555  3000               	movlw	0
  4179     0556  00BB               	movwf	ACS712_Calibrate@accumulator+2
  4180     0557  3000               	movlw	0
  4181     0558  00BA               	movwf	ACS712_Calibrate@accumulator+1
  4182     0559  3000               	movlw	0
  4183     055A  00B9               	movwf	ACS712_Calibrate@accumulator
  4184     055B                     l1721:
  4185                           
  4186                           ;ACS712.c: 33:     for (i = 0; i < 100; i++) {
  4187     055B  01BD               	clrf	ACS712_Calibrate@i
  4188     055C  01BE               	clrf	ACS712_Calibrate@i+1
  4189     055D                     l1727:
  4190                           
  4191                           ;ACS712.c: 34:         accumulator += ADC_Read(sensor->adc_channel);
  4192     055D  1283               	bcf	3,5	;RP0=0, select bank0
  4193     055E  1303               	bcf	3,6	;RP1=0, select bank0
  4194     055F  0833               	movf	ACS712_Calibrate@sensor,w
  4195     0560  0084               	movwf	4
  4196     0561  1783               	bsf	3,7
  4197     0562  1C34               	btfss	ACS712_Calibrate@sensor+1,0
  4198     0563  1383               	bcf	3,7
  4199     0564  0800               	movf	0,w
  4200     0565  158A  26C0  118A   	fcall	_ADC_Read
  4201     0568  0872               	movf	?_ADC_Read,w
  4202     0569  1283               	bcf	3,5	;RP0=0, select bank0
  4203     056A  1303               	bcf	3,6	;RP1=0, select bank0
  4204     056B  00B5               	movwf	??_ACS712_Calibrate
  4205     056C  0873               	movf	?_ADC_Read+1,w
  4206     056D  00B6               	movwf	??_ACS712_Calibrate+1
  4207     056E  01B7               	clrf	??_ACS712_Calibrate+2
  4208     056F  01B8               	clrf	??_ACS712_Calibrate+3
  4209     0570  0835               	movf	??_ACS712_Calibrate,w
  4210     0571  07B9               	addwf	ACS712_Calibrate@accumulator,f
  4211     0572  0836               	movf	??_ACS712_Calibrate+1,w
  4212     0573  1103               	clrz
  4213     0574  1803               	skipnc
  4214     0575  3E01               	addlw	1
  4215     0576  1903               	skipnz
  4216     0577  2D79               	goto	u1831
  4217     0578  07BA               	addwf	ACS712_Calibrate@accumulator+1,f
  4218     0579                     u1831:
  4219     0579  0837               	movf	??_ACS712_Calibrate+2,w
  4220     057A  1103               	clrz
  4221     057B  1803               	skipnc
  4222     057C  3E01               	addlw	1
  4223     057D  1903               	skipnz
  4224     057E  2D80               	goto	u1832
  4225     057F  07BB               	addwf	ACS712_Calibrate@accumulator+2,f
  4226     0580                     u1832:
  4227     0580  0838               	movf	??_ACS712_Calibrate+3,w
  4228     0581  1103               	clrz
  4229     0582  1803               	skipnc
  4230     0583  3E01               	addlw	1
  4231     0584  1903               	skipnz
  4232     0585  2D87               	goto	u1833
  4233     0586  07BC               	addwf	ACS712_Calibrate@accumulator+3,f
  4234     0587                     u1833:
  4235     0587                     l1729:
  4236                           
  4237                           ;ACS712.c: 35:     }
  4238     0587  3001               	movlw	1
  4239     0588  07BD               	addwf	ACS712_Calibrate@i,f
  4240     0589  1803               	skipnc
  4241     058A  0ABE               	incf	ACS712_Calibrate@i+1,f
  4242     058B  3000               	movlw	0
  4243     058C  07BE               	addwf	ACS712_Calibrate@i+1,f
  4244     058D                     l1731:
  4245     058D  083E               	movf	ACS712_Calibrate@i+1,w
  4246     058E  3A80               	xorlw	128
  4247     058F  00FF               	movwf	btemp+1
  4248     0590  3080               	movlw	128
  4249     0591  027F               	subwf	btemp+1,w
  4250     0592  1D03               	skipz
  4251     0593  2D96               	goto	u1845
  4252     0594  3064               	movlw	100
  4253     0595  023D               	subwf	ACS712_Calibrate@i,w
  4254     0596                     u1845:
  4255     0596  1C03               	skipc
  4256     0597  2D99               	goto	u1841
  4257     0598  2D9A               	goto	u1840
  4258     0599                     u1841:
  4259     0599  2D5D               	goto	l1727
  4260     059A                     u1840:
  4261     059A                     l1733:
  4262                           
  4263                           ;ACS712.c: 36:     sensor->zero_point = (unsigned int)(accumulator / 100);
  4264     059A  3000               	movlw	0
  4265     059B  1283               	bcf	3,5	;RP0=0, select bank0
  4266     059C  1303               	bcf	3,6	;RP1=0, select bank0
  4267     059D  00A8               	movwf	___lldiv@divisor+3
  4268     059E  3000               	movlw	0
  4269     059F  00A7               	movwf	___lldiv@divisor+2
  4270     05A0  3000               	movlw	0
  4271     05A1  00A6               	movwf	___lldiv@divisor+1
  4272     05A2  3064               	movlw	100
  4273     05A3  00A5               	movwf	___lldiv@divisor
  4274     05A4  083C               	movf	ACS712_Calibrate@accumulator+3,w
  4275     05A5  00AC               	movwf	___lldiv@dividend+3
  4276     05A6  083B               	movf	ACS712_Calibrate@accumulator+2,w
  4277     05A7  00AB               	movwf	___lldiv@dividend+2
  4278     05A8  083A               	movf	ACS712_Calibrate@accumulator+1,w
  4279     05A9  00AA               	movwf	___lldiv@dividend+1
  4280     05AA  0839               	movf	ACS712_Calibrate@accumulator,w
  4281     05AB  00A9               	movwf	___lldiv@dividend
  4282     05AC  118A  2668  118A   	fcall	___lldiv
  4283     05AF  1283               	bcf	3,5	;RP0=0, select bank0
  4284     05B0  1303               	bcf	3,6	;RP1=0, select bank0
  4285     05B1  0833               	movf	ACS712_Calibrate@sensor,w
  4286     05B2  3E05               	addlw	5
  4287     05B3  00B5               	movwf	??_ACS712_Calibrate
  4288     05B4  0834               	movf	ACS712_Calibrate@sensor+1,w
  4289     05B5  1803               	skipnc
  4290     05B6  3E01               	addlw	1
  4291     05B7  3E00               	addlw	0
  4292     05B8  00B6               	movwf	??_ACS712_Calibrate+1
  4293     05B9  0835               	movf	??_ACS712_Calibrate,w
  4294     05BA  0084               	movwf	4
  4295     05BB  1783               	bsf	3,7
  4296     05BC  1C36               	btfss	??_ACS712_Calibrate+1,0
  4297     05BD  1383               	bcf	3,7
  4298     05BE  0825               	movf	?___lldiv,w
  4299     05BF  0080               	movwf	0
  4300     05C0  0A84               	incf	4,f
  4301     05C1  0826               	movf	?___lldiv+1,w
  4302     05C2  0080               	movwf	0
  4303     05C3                     l21:
  4304     05C3  0008               	return
  4305     05C4                     __end_of_ACS712_Calibrate:
  4306                           
  4307                           	psect	text18
  4308     0668                     __ptext18:	
  4309 ;; *************** function ___lldiv *****************
  4310 ;; Defined at:
  4311 ;;		line 5 in file "C:\Program Files\Microchip\xc8\v3.00\pic\sources\c99\common\__lldiv.c"
  4312 ;; Parameters:    Size  Location     Type
  4313 ;;  divisor         4    5[BANK0 ] unsigned long 
  4314 ;;  dividend        4    9[BANK0 ] unsigned long 
  4315 ;; Auto vars:     Size  Location     Type
  4316 ;;  quotient        4   14[BANK0 ] unsigned long 
  4317 ;;  counter         1   18[BANK0 ] unsigned char 
  4318 ;; Return value:  Size  Location     Type
  4319 ;;                  4    5[BANK0 ] unsigned long 
  4320 ;; Registers used:
  4321 ;;		wreg, status,2, status,0
  4322 ;; Tracked objects:
  4323 ;;		On entry : 0/0
  4324 ;;		On exit  : 0/0
  4325 ;;		Unchanged: 0/0
  4326 ;; Data sizes:     COMMON   BANK0   BANK1   BANK3   BANK2
  4327 ;;      Params:         0       8       0       0       0
  4328 ;;      Locals:         0       5       0       0       0
  4329 ;;      Temps:          0       1       0       0       0
  4330 ;;      Totals:         0      14       0       0       0
  4331 ;;Total ram usage:       14 bytes
  4332 ;; Hardware stack levels used: 1
  4333 ;; Hardware stack levels required when called: 1
  4334 ;; This function calls:
  4335 ;;		Nothing
  4336 ;; This function is called by:
  4337 ;;		_isqrt
  4338 ;;		_ACS712_Calibrate
  4339 ;;		_ACS712_ReadAC
  4340 ;;		_main
  4341 ;;		_millis
  4342 ;; This function uses a non-reentrant model
  4343 ;;
  4344                           
  4345     0668                     ___lldiv:	
  4346                           ;psect for function ___lldiv
  4347                           
  4348     0668                     l1535:	
  4349                           ;incstack = 0
  4350                           ; Regs used in ___lldiv: [wreg+status,2+status,0]
  4351                           
  4352     0668  3000               	movlw	0
  4353     0669  1283               	bcf	3,5	;RP0=0, select bank0
  4354     066A  1303               	bcf	3,6	;RP1=0, select bank0
  4355     066B  00B1               	movwf	___lldiv@quotient+3
  4356     066C  3000               	movlw	0
  4357     066D  00B0               	movwf	___lldiv@quotient+2
  4358     066E  3000               	movlw	0
  4359     066F  00AF               	movwf	___lldiv@quotient+1
  4360     0670  3000               	movlw	0
  4361     0671  00AE               	movwf	___lldiv@quotient
  4362     0672  0828               	movf	___lldiv@divisor+3,w
  4363     0673  0427               	iorwf	___lldiv@divisor+2,w
  4364     0674  0426               	iorwf	___lldiv@divisor+1,w
  4365     0675  0425               	iorwf	___lldiv@divisor,w
  4366     0676  1903               	skipnz
  4367     0677  2E79               	goto	u1391
  4368     0678  2E7A               	goto	u1390
  4369     0679                     u1391:
  4370     0679  2EC5               	goto	l1555
  4371     067A                     u1390:
  4372     067A                     l1537:
  4373     067A  3001               	movlw	1
  4374     067B  00B2               	movwf	___lldiv@counter
  4375     067C  2E88               	goto	l1541
  4376     067D                     l1539:
  4377     067D  3001               	movlw	1
  4378     067E  00AD               	movwf	??___lldiv
  4379     067F                     u1405:
  4380     067F  1003               	clrc
  4381     0680  0DA5               	rlf	___lldiv@divisor,f
  4382     0681  0DA6               	rlf	___lldiv@divisor+1,f
  4383     0682  0DA7               	rlf	___lldiv@divisor+2,f
  4384     0683  0DA8               	rlf	___lldiv@divisor+3,f
  4385     0684  0BAD               	decfsz	??___lldiv,f
  4386     0685  2E7F               	goto	u1405
  4387     0686  3001               	movlw	1
  4388     0687  07B2               	addwf	___lldiv@counter,f
  4389     0688                     l1541:
  4390     0688  1FA8               	btfss	___lldiv@divisor+3,7
  4391     0689  2E8B               	goto	u1411
  4392     068A  2E8C               	goto	u1410
  4393     068B                     u1411:
  4394     068B  2E7D               	goto	l1539
  4395     068C                     u1410:
  4396     068C                     l1543:
  4397     068C  3001               	movlw	1
  4398     068D  00AD               	movwf	??___lldiv
  4399     068E                     u1425:
  4400     068E  1003               	clrc
  4401     068F  0DAE               	rlf	___lldiv@quotient,f
  4402     0690  0DAF               	rlf	___lldiv@quotient+1,f
  4403     0691  0DB0               	rlf	___lldiv@quotient+2,f
  4404     0692  0DB1               	rlf	___lldiv@quotient+3,f
  4405     0693  0BAD               	decfsz	??___lldiv,f
  4406     0694  2E8E               	goto	u1425
  4407     0695                     l1545:
  4408     0695  0828               	movf	___lldiv@divisor+3,w
  4409     0696  022C               	subwf	___lldiv@dividend+3,w
  4410     0697  1D03               	skipz
  4411     0698  2EA3               	goto	u1435
  4412     0699  0827               	movf	___lldiv@divisor+2,w
  4413     069A  022B               	subwf	___lldiv@dividend+2,w
  4414     069B  1D03               	skipz
  4415     069C  2EA3               	goto	u1435
  4416     069D  0826               	movf	___lldiv@divisor+1,w
  4417     069E  022A               	subwf	___lldiv@dividend+1,w
  4418     069F  1D03               	skipz
  4419     06A0  2EA3               	goto	u1435
  4420     06A1  0825               	movf	___lldiv@divisor,w
  4421     06A2  0229               	subwf	___lldiv@dividend,w
  4422     06A3                     u1435:
  4423     06A3  1C03               	skipc
  4424     06A4  2EA6               	goto	u1431
  4425     06A5  2EA7               	goto	u1430
  4426     06A6                     u1431:
  4427     06A6  2EB6               	goto	l1551
  4428     06A7                     u1430:
  4429     06A7                     l1547:
  4430     06A7  0825               	movf	___lldiv@divisor,w
  4431     06A8  02A9               	subwf	___lldiv@dividend,f
  4432     06A9  0826               	movf	___lldiv@divisor+1,w
  4433     06AA  1C03               	skipc
  4434     06AB  0F26               	incfsz	___lldiv@divisor+1,w
  4435     06AC  02AA               	subwf	___lldiv@dividend+1,f
  4436     06AD  0827               	movf	___lldiv@divisor+2,w
  4437     06AE  1C03               	skipc
  4438     06AF  0F27               	incfsz	___lldiv@divisor+2,w
  4439     06B0  02AB               	subwf	___lldiv@dividend+2,f
  4440     06B1  0828               	movf	___lldiv@divisor+3,w
  4441     06B2  1C03               	skipc
  4442     06B3  0F28               	incfsz	___lldiv@divisor+3,w
  4443     06B4  02AC               	subwf	___lldiv@dividend+3,f
  4444     06B5                     l1549:
  4445     06B5  142E               	bsf	___lldiv@quotient,0
  4446     06B6                     l1551:
  4447     06B6  3001               	movlw	1
  4448     06B7                     u1445:
  4449     06B7  1003               	clrc
  4450     06B8  0CA8               	rrf	___lldiv@divisor+3,f
  4451     06B9  0CA7               	rrf	___lldiv@divisor+2,f
  4452     06BA  0CA6               	rrf	___lldiv@divisor+1,f
  4453     06BB  0CA5               	rrf	___lldiv@divisor,f
  4454     06BC  3EFF               	addlw	-1
  4455     06BD  1D03               	skipz
  4456     06BE  2EB7               	goto	u1445
  4457     06BF                     l1553:
  4458     06BF  3001               	movlw	1
  4459     06C0  02B2               	subwf	___lldiv@counter,f
  4460     06C1  1D03               	btfss	3,2
  4461     06C2  2EC4               	goto	u1451
  4462     06C3  2EC5               	goto	u1450
  4463     06C4                     u1451:
  4464     06C4  2E8C               	goto	l1543
  4465     06C5                     u1450:
  4466     06C5                     l1555:
  4467     06C5  0831               	movf	___lldiv@quotient+3,w
  4468     06C6  00A8               	movwf	?___lldiv+3
  4469     06C7  0830               	movf	___lldiv@quotient+2,w
  4470     06C8  00A7               	movwf	?___lldiv+2
  4471     06C9  082F               	movf	___lldiv@quotient+1,w
  4472     06CA  00A6               	movwf	?___lldiv+1
  4473     06CB  082E               	movf	___lldiv@quotient,w
  4474     06CC  00A5               	movwf	?___lldiv
  4475     06CD                     l315:
  4476     06CD  0008               	return
  4477     06CE                     __end_of___lldiv:
  4478                           
  4479                           	psect	text19
  4480     0EC0                     __ptext19:	
  4481 ;; *************** function _ADC_Read *****************
  4482 ;; Defined at:
  4483 ;;		line 24 in file "ADC_Lib.c"
  4484 ;; Parameters:    Size  Location     Type
  4485 ;;  channel         1    wreg     unsigned char 
  4486 ;; Auto vars:     Size  Location     Type
  4487 ;;  channel         1    5[COMMON] unsigned char 
  4488 ;; Return value:  Size  Location     Type
  4489 ;;                  2    2[COMMON] unsigned int 
  4490 ;; Registers used:
  4491 ;;		wreg, status,2, status,0
  4492 ;; Tracked objects:
  4493 ;;		On entry : 0/0
  4494 ;;		On exit  : 0/0
  4495 ;;		Unchanged: 0/0
  4496 ;; Data sizes:     COMMON   BANK0   BANK1   BANK3   BANK2
  4497 ;;      Params:         2       0       0       0       0
  4498 ;;      Locals:         1       0       0       0       0
  4499 ;;      Temps:          1       0       0       0       0
  4500 ;;      Totals:         4       0       0       0       0
  4501 ;;Total ram usage:        4 bytes
  4502 ;; Hardware stack levels used: 1
  4503 ;; Hardware stack levels required when called: 1
  4504 ;; This function calls:
  4505 ;;		Nothing
  4506 ;; This function is called by:
  4507 ;;		_ACS712_Calibrate
  4508 ;;		_ACS712_ReadAC
  4509 ;; This function uses a non-reentrant model
  4510 ;;
  4511                           
  4512     0EC0                     _ADC_Read:	
  4513                           ;psect for function _ADC_Read
  4514                           
  4515                           
  4516                           ;incstack = 0
  4517                           ; Regs used in _ADC_Read: [wreg+status,2+status,0]
  4518                           ;ADC_Read@channel stored from wreg
  4519     0EC0  00F5               	movwf	ADC_Read@channel
  4520     0EC1                     l1573:
  4521                           
  4522                           ;ADC_Lib.c: 28:     ADCON0 &= 0b11000111;
  4523     0EC1  30C7               	movlw	199
  4524     0EC2  1283               	bcf	3,5	;RP0=0, select bank0
  4525     0EC3  1303               	bcf	3,6	;RP1=0, select bank0
  4526     0EC4  059F               	andwf	31,f	;volatile
  4527                           
  4528                           ;ADC_Lib.c: 29:     ADCON0 |= (channel << 3);
  4529     0EC5  0875               	movf	ADC_Read@channel,w	;volatile
  4530     0EC6  00F4               	movwf	??_ADC_Read
  4531     0EC7  3002               	movlw	2
  4532     0EC8                     u1505:
  4533     0EC8  1003               	clrc
  4534     0EC9  0DF4               	rlf	??_ADC_Read,f
  4535     0ECA  3EFF               	addlw	-1
  4536     0ECB  1D03               	skipz
  4537     0ECC  2EC8               	goto	u1505
  4538     0ECD  1003               	clrc
  4539     0ECE  0D74               	rlf	??_ADC_Read,w
  4540     0ECF  049F               	iorwf	31,f	;volatile
  4541     0ED0                     l1575:
  4542                           
  4543                           ;ADC_Lib.c: 34:     _delay((unsigned long)((20)*(8000000/4000000.0)));
  4544     0ED0  300D               	movlw	13
  4545     0ED1  00F4               	movwf	??_ADC_Read
  4546     0ED2                     u2077:
  4547     0ED2  0BF4               	decfsz	??_ADC_Read,f
  4548     0ED3  2ED2               	goto	u2077
  4549     0ED4                     l1577:
  4550                           
  4551                           ;ADC_Lib.c: 37:     ADCON0bits.GO_nDONE = 1;
  4552     0ED4  1283               	bcf	3,5	;RP0=0, select bank0
  4553     0ED5  1303               	bcf	3,6	;RP1=0, select bank0
  4554     0ED6  151F               	bsf	31,2	;volatile
  4555     0ED7                     l272:	
  4556                           ;ADC_Lib.c: 40:     while (ADCON0bits.GO_nDONE);
  4557                           
  4558     0ED7  191F               	btfsc	31,2	;volatile
  4559     0ED8  2EDA               	goto	u1511
  4560     0ED9  2EDB               	goto	u1510
  4561     0EDA                     u1511:
  4562     0EDA  2ED7               	goto	l272
  4563     0EDB                     u1510:
  4564     0EDB                     l1579:
  4565                           
  4566                           ;ADC_Lib.c: 44:     return ((unsigned int)ADRESH << 8) + ADRESL;
  4567     0EDB  081E               	movf	30,w	;volatile
  4568     0EDC  00F3               	movwf	?_ADC_Read+1
  4569     0EDD  1683               	bsf	3,5	;RP0=1, select bank1
  4570     0EDE  1303               	bcf	3,6	;RP1=0, select bank1
  4571     0EDF  081E               	movf	30,w	;volatile
  4572     0EE0  00F2               	movwf	?_ADC_Read
  4573     0EE1                     l275:
  4574     0EE1  0008               	return
  4575     0EE2                     __end_of_ADC_Read:
  4576                           
  4577                           	psect	text20
  4578     0F07                     __ptext20:	
  4579 ;; *************** function _ISR *****************
  4580 ;; Defined at:
  4581 ;;		line 12 in file "Timer_lib.c"
  4582 ;; Parameters:    Size  Location     Type
  4583 ;;		None
  4584 ;; Auto vars:     Size  Location     Type
  4585 ;;		None
  4586 ;; Return value:  Size  Location     Type
  4587 ;;                  1    wreg      void 
  4588 ;; Registers used:
  4589 ;;		wreg, status,2, status,0
  4590 ;; Tracked objects:
  4591 ;;		On entry : 0/0
  4592 ;;		On exit  : 0/0
  4593 ;;		Unchanged: 0/0
  4594 ;; Data sizes:     COMMON   BANK0   BANK1   BANK3   BANK2
  4595 ;;      Params:         0       0       0       0       0
  4596 ;;      Locals:         0       0       0       0       0
  4597 ;;      Temps:          2       0       0       0       0
  4598 ;;      Totals:         2       0       0       0       0
  4599 ;;Total ram usage:        2 bytes
  4600 ;; Hardware stack levels used: 1
  4601 ;; This function calls:
  4602 ;;		Nothing
  4603 ;; This function is called by:
  4604 ;;		Interrupt level 1
  4605 ;; This function uses a non-reentrant model
  4606 ;;
  4607                           
  4608     0F07                     _ISR:	
  4609                           ;psect for function _ISR
  4610                           
  4611     0F07                     i1l1525:
  4612                           
  4613                           ;Timer_lib.c: 13:     if (TMR0IF) {
  4614     0F07  1D0B               	btfss	11,2	;volatile
  4615     0F08  2F0A               	goto	u137_21
  4616     0F09  2F0B               	goto	u137_20
  4617     0F0A                     u137_21:
  4618     0F0A  2F33               	goto	i1l192
  4619     0F0B                     u137_20:
  4620     0F0B                     i1l1527:
  4621                           
  4622                           ;Timer_lib.c: 14:         TMR0IF = 0;
  4623     0F0B  110B               	bcf	11,2	;volatile
  4624     0F0C                     i1l1529:
  4625                           
  4626                           ;Timer_lib.c: 18:         if (current_freq_mhz == 8) {
  4627     0F0C  3008               	movlw	8
  4628     0F0D  067B               	xorwf	_current_freq_mhz,w	;volatile
  4629     0F0E  1D03               	btfss	3,2
  4630     0F0F  2F11               	goto	u138_21
  4631     0F10  2F12               	goto	u138_20
  4632     0F11                     u138_21:
  4633     0F11  2F23               	goto	i1l1533
  4634     0F12                     u138_20:
  4635     0F12                     i1l1531:
  4636                           
  4637                           ;Timer_lib.c: 19:             micros_counter += 128;
  4638     0F12  3080               	movlw	128
  4639     0F13  1683               	bsf	3,5	;RP0=1, select bank1
  4640     0F14  1303               	bcf	3,6	;RP1=0, select bank1
  4641     0F15  07C8               	addwf	_micros_counter^(0+128),f	;volatile
  4642     0F16  3000               	movlw	0
  4643     0F17  1803               	skipnc
  4644     0F18  3001               	movlw	1
  4645     0F19  07C9               	addwf	(_micros_counter+1)^(0+128),f	;volatile
  4646     0F1A  3000               	movlw	0
  4647     0F1B  1803               	skipnc
  4648     0F1C  3001               	movlw	1
  4649     0F1D  07CA               	addwf	(_micros_counter+2)^(0+128),f	;volatile
  4650     0F1E  3000               	movlw	0
  4651     0F1F  1803               	skipnc
  4652     0F20  3001               	movlw	1
  4653     0F21  07CB               	addwf	(_micros_counter+3)^(0+128),f	;volatile
  4654                           
  4655                           ;Timer_lib.c: 20:         } else {
  4656     0F22  2F33               	goto	i1l192
  4657     0F23                     i1l1533:
  4658                           
  4659                           ;Timer_lib.c: 21:             micros_counter += 256;
  4660     0F23  3000               	movlw	0
  4661     0F24  1683               	bsf	3,5	;RP0=1, select bank1
  4662     0F25  1303               	bcf	3,6	;RP1=0, select bank1
  4663     0F26  07C8               	addwf	_micros_counter^(0+128),f	;volatile
  4664     0F27  3001               	movlw	1
  4665     0F28  1803               	skipnc
  4666     0F29  3002               	movlw	2
  4667     0F2A  07C9               	addwf	(_micros_counter+1)^(0+128),f	;volatile
  4668     0F2B  3000               	movlw	0
  4669     0F2C  1803               	skipnc
  4670     0F2D  3001               	movlw	1
  4671     0F2E  07CA               	addwf	(_micros_counter+2)^(0+128),f	;volatile
  4672     0F2F  3000               	movlw	0
  4673     0F30  1803               	skipnc
  4674     0F31  3001               	movlw	1
  4675     0F32  07CB               	addwf	(_micros_counter+3)^(0+128),f	;volatile
  4676     0F33                     i1l192:
  4677     0F33  0871               	movf	??_ISR+1,w
  4678     0F34  008A               	movwf	10
  4679     0F35  0E70               	swapf	??_ISR,w
  4680     0F36  0083               	movwf	3
  4681     0F37  0EFE               	swapf	btemp,f
  4682     0F38  0E7E               	swapf	btemp,w
  4683     0F39  0009               	retfie
  4684     0F3A                     __end_of_ISR:
  4685     0001                     ___latbits      equ	1
  4686     007E                     btemp           set	126	;btemp
  4687     007E                     wtemp0          set	126
  4688                           
  4689                           	psect	intentry
  4690     0004                     __pintentry:	
  4691                           ;incstack = 0
  4692                           ; Regs used in _ISR: [wreg+status,2+status,0]
  4693                           
  4694     0004                     interrupt_function:
  4695     007E                     saved_w         set	btemp
  4696     0004  00FE               	movwf	btemp
  4697     0005  0E03               	swapf	3,w
  4698     0006  00F0               	movwf	??_ISR
  4699     0007  080A               	movf	10,w
  4700     0008  00F1               	movwf	??_ISR+1
  4701     0009  158A  2F07         	ljmp	_ISR
  4702                           
  4703                           	psect	idloc
  4704                           
  4705                           ;Config register IDLOC0 @ 0x2000
  4706                           ;	unspecified, using default values
  4707     2000                     	org	8192
  4708     2000  3FFF               	dw	16383
  4709                           
  4710                           ;Config register IDLOC1 @ 0x2001
  4711                           ;	unspecified, using default values
  4712     2001                     	org	8193
  4713     2001  3FFF               	dw	16383
  4714                           
  4715                           ;Config register IDLOC2 @ 0x2002
  4716                           ;	unspecified, using default values
  4717     2002                     	org	8194
  4718     2002  3FFF               	dw	16383
  4719                           
  4720                           ;Config register IDLOC3 @ 0x2003
  4721                           ;	unspecified, using default values
  4722     2003                     	org	8195
  4723     2003  3FFF               	dw	16383
  4724                           
  4725                           	psect	config
  4726                           
  4727                           ;Config register CONFIG1 @ 0x2007
  4728                           ;	Oscillator Selection bits
  4729                           ;	FOSC = INTOSCIO, INTRC oscillator; port I/O function on both RA6/OSC2/CLKO pin and RA7
      +                          /OSC1/CLKI pin
  4730                           ;	Watchdog Timer Enable bit
  4731                           ;	WDTE = OFF, WDT disabled
  4732                           ;	Power-up Timer Enable bit
  4733                           ;	PWRTE = ON, PWRT enabled
  4734                           ;	RA5/MCLR/VPP Pin Function Select bit
  4735                           ;	MCLRE = ON, RA5/MCLR/VPP pin function is MCLR
  4736                           ;	Brown-out Reset Enable bit
  4737                           ;	BOREN = OFF, BOR disabled
  4738                           ;	Low-Voltage Programming Enable bit
  4739                           ;	LVP = OFF, RB3 is digital I/O, HV on MCLR must be used for programming
  4740                           ;	Data EE Memory Code Protection bit
  4741                           ;	CPD = OFF, Code protection off
  4742                           ;	Flash Program Memory Write Enable bits
  4743                           ;	WRT = OFF, Write protection off
  4744                           ;	In-Circuit Debugger Mode bit
  4745                           ;	DEBUG = 0x1, unprogrammed default
  4746                           ;	CCP1 Pin Selection bit
  4747                           ;	CCPMX = RB0, CCP1 function on RB0
  4748                           ;	Flash Program Memory Code Protection bit
  4749                           ;	CP = OFF, Code protection off
  4750     2007                     	org	8199
  4751     2007  3F30               	dw	16176
  4752                           
  4753                           ;Config register CONFIG2 @ 0x2008
  4754                           ;	Fail-Safe Clock Monitor Enable bit
  4755                           ;	FCMEN = OFF, Fail-Safe Clock Monitor disabled
  4756                           ;	Internal External Switchover bit
  4757                           ;	IESO = OFF, Internal External Switchover mode disabled
  4758     2008                     	org	8200
  4759     2008  3FFC               	dw	16380

Data Sizes:
    Strings     84
    Constant    4
    Data        1
    BSS         13
    Persistent  0
    Stack       0

Auto Spaces:
    Space          Size  Autos    Used
    COMMON           14     11      12
    BANK0            80     80      80
    BANK1            80     40      53
    BANK3            96      0       0
    BANK2            96      0       0

Pointer List with Targets:

    ACS712_Calibrate@sensor	PTR struct . size(2) Largest target is 9
		 -> mySensor(BANK1[9]), 

    ACS712_Init@sensor	PTR struct . size(2) Largest target is 9
		 -> mySensor(BANK1[9]), 

    ACS712_ReadAC@sensor	PTR struct . size(2) Largest target is 9
		 -> mySensor(BANK1[9]), 

    ACS712_SetSensitivity@sensor	PTR struct . size(2) Largest target is 9
		 -> mySensor(BANK1[9]), 

    IntToText@buf	PTR unsigned char  size(1) Largest target is 10
		 -> main@buffer(BANK0[10]), 

    UART_Write_Text@text	PTR unsigned char  size(2) Largest target is 25
		 -> main@buffer(BANK0[10]), STR_1(CODE[25]), STR_2(CODE[17]), STR_3(CODE[19]), 
		 -> STR_4(CODE[8]), STR_5(CODE[10]), STR_6(CODE[5]), 


Critical Paths under _main in COMMON

    _main->_IntToText
    _UART_Write_Text->_UART_Write
    _IntToText->___lwdiv
    _ACS712_ReadAC->___lmul
    _ACS712_Init->___awdiv
    ___lldiv->___lmul

Critical Paths under _ISR in COMMON

    None.

Critical Paths under _main in BANK0

    _main->_ACS712_ReadAC
    _millis->___lldiv
    _ACS712_ReadAC->_isqrt
    _isqrt->___lldiv
    _ACS712_Calibrate->___lldiv
    ___lldiv->_micros

Critical Paths under _ISR in BANK0

    None.

Critical Paths under _main in BANK1

    _main->_ACS712_ReadAC

Critical Paths under _ISR in BANK1

    None.

Critical Paths under _main in BANK3

    None.

Critical Paths under _ISR in BANK3

    None.

Critical Paths under _main in BANK2

    None.

Critical Paths under _ISR in BANK2

    None.

Call Graph Tables:

 ---------------------------------------------------------------------------------
 (Depth) Function   	        Calls       Base Space   Used Autos Params    Refs
 ---------------------------------------------------------------------------------
 (0) _main                                                34    34      0    6611
                                             46 BANK0     34    34      0
                   _ACS712_Calibrate
                        _ACS712_Init
                      _ACS712_ReadAC
              _ACS712_SetSensitivity
                           _ADC_Init
                          _IntToText
                          _Time_Init
                          _UART_Init
                         _UART_Write
                    _UART_Write_Text
                            ___lldiv
                            ___lwdiv
                            ___lwmod
                             _millis
 ---------------------------------------------------------------------------------
 (1) _millis                                               4     0      4     444
                                             19 BANK0      4     0      4
                            ___lldiv
                             _micros
 ---------------------------------------------------------------------------------
 (1) _UART_Write_Text                                      7     5      2     201
                                              3 COMMON     7     5      2
                         _UART_Write
 ---------------------------------------------------------------------------------
 (2) _UART_Write                                           1     1      0      47
                                              2 COMMON     1     1      0
 ---------------------------------------------------------------------------------
 (1) _UART_Init                                            0     0      0       0
 ---------------------------------------------------------------------------------
 (1) _Time_Init                                            1     1      0     141
                                              2 COMMON     1     1      0
 ---------------------------------------------------------------------------------
 (1) _IntToText                                           12     9      3    1215
                                              9 COMMON     2     2      0
                                              0 BANK0     10     7      3
                            ___lwdiv
                            ___lwmod
 ---------------------------------------------------------------------------------
 (1) ___lwmod                                              5     1      4     244
                                              2 COMMON     5     1      4
 ---------------------------------------------------------------------------------
 (1) ___lwdiv                                              7     3      4     253
                                              2 COMMON     7     3      4
 ---------------------------------------------------------------------------------
 (1) _ADC_Init                                             0     0      0       0
 ---------------------------------------------------------------------------------
 (1) _ACS712_SetSensitivity                                6     2      4      68
                                              2 COMMON     6     2      4
 ---------------------------------------------------------------------------------
 (1) _ACS712_ReadAC                                       51    48      3    1862
                                             35 BANK0     11     8      3
                                              0 BANK1     40    40      0
                           _ADC_Read
                            ___lldiv
                             ___lmul
                              _isqrt
                             _micros
 ---------------------------------------------------------------------------------
 (2) _micros                                              10     6      4     161
                                              2 COMMON     5     1      4
                                              0 BANK0      5     5      0
 ---------------------------------------------------------------------------------
 (2) _isqrt                                               16    12      4     577
                                             19 BANK0     16    12      4
                            ___lldiv
 ---------------------------------------------------------------------------------
 (2) ___lmul                                              13     5      8     154
                                              2 COMMON     9     1      8
                                              0 BANK0      4     4      0
 ---------------------------------------------------------------------------------
 (1) _ACS712_Init                                          9     2      7     742
                                              0 BANK0      9     2      7
                            ___awdiv
 ---------------------------------------------------------------------------------
 (2) ___awdiv                                              8     4      4     451
                                              2 COMMON     8     4      4
 ---------------------------------------------------------------------------------
 (1) _ACS712_Calibrate                                    12    10      2     503
                                             19 BANK0     12    10      2
                           _ADC_Read
                            ___lldiv
 ---------------------------------------------------------------------------------
 (2) ___lldiv                                             14     6      8     283
                                              5 BANK0     14     6      8
                             ___lmul (ARG)
                             _micros (ARG)
 ---------------------------------------------------------------------------------
 (2) _ADC_Read                                             4     2      2      47
                                              2 COMMON     4     2      2
 ---------------------------------------------------------------------------------
 Estimated maximum stack depth 2
 ---------------------------------------------------------------------------------
 (Depth) Function   	        Calls       Base Space   Used Autos Params    Refs
 ---------------------------------------------------------------------------------
 (4) _ISR                                                  2     2      0       0
                                              0 COMMON     2     2      0
 ---------------------------------------------------------------------------------
 Estimated maximum stack depth 4
 ---------------------------------------------------------------------------------

 Call Graph Graphs:

 _main (ROOT)
   _ACS712_Calibrate
     _ADC_Read
     ___lldiv
       ___lmul (ARG)
       _micros (ARG)
   _ACS712_Init
     ___awdiv
   _ACS712_ReadAC
     _ADC_Read
     ___lldiv
     ___lmul
     _isqrt
       ___lldiv
     _micros
   _ACS712_SetSensitivity
   _ADC_Init
   _IntToText
     ___lwdiv
     ___lwmod
   _Time_Init
   _UART_Init
   _UART_Write
   _UART_Write_Text
     _UART_Write
   ___lldiv
   ___lwdiv
   ___lwmod
   _millis
     ___lldiv
     _micros

 _ISR (ROOT)

Address spaces:
Name               Size   Autos  Total    Usage
BANK3               96      0       0      0.0%
BITBANK3            96      0       0      0.0%
BANK2               96      0       0      0.0%
BITBANK2            96      0       0      0.0%
BANK1               80     40      53     66.2%
BITBANK1            80      0       0      0.0%
BANK0               80     80      80    100.0%
BITBANK0            80      0       0      0.0%
COMMON              14     11      12     85.7%
BITCOMMON           14      0       0      0.0%
DATA                 0      0     140      0.0%
STACK                0      0       0      0.0%


Microchip Technology PIC Macro Assembler V3.00 build 20241204225717 
Symbol Table                                                                                   Tue Jan 20 22:15:01 2026

                              pc 0002                               l10 04BE                               l21 05C3  
                             l13 078F                               l32 0282                               l16 0EBF  
                             l66 0550                     ___awdiv@sign 0077                               fsr 0004  
                            l201 0790                              l204 07DE                              l208 0F06  
                            l233 0EAC                              l315 06CD                              l236 0E90  
                            l254 05FF                              l239 0E9A                              l272 0ED7  
                            l432 0730                              l275 0EE1                              l293 0FFF  
                            l269 0E8E                              l198 07F8                              l559 0FB3  
                            l569 0F71                              _GIE 005F                              _ISR 0F07  
                            fsr0 0004                              indf 0000                main@currentMillis 0066  
                           ?_ISR 0070                             l1601 0FB4                             l1611 0FF5  
                           l1603 0FBE                             l1541 0688                             l1621 06D8  
                           l1605 0FC2                             l1701 0F67                             l1551 06B6  
                           l1543 068C                             l1535 0668                             l1631 06E7  
                           l1623 06DA                             l1615 06CE                             l1711 074C  
                           l1607 0FDB                             l1703 0F6D                             l1553 06BF  
                           l1545 0695                             l1537 067A                             l1721 055B  
                           l1641 06FD                             l1633 06ED                             l1625 06DE  
                           l1617 06CF                             l1713 075E                             l1609 0FE4  
                           l1561 042F                             l1801 050E                             l1547 06A7  
                           l1539 067D                             l1555 06C5                             l1731 058D  
                           l1643 070E                             l1635 06F0                             l1651 0722  
                           l1627 06E3                             l1619 06D3                             l1715 0770  
                           l1707 0731                             l1563 045B                             l1811 053C  
                           l1803 0517                             l1573 0EC1                             l1549 06B5  
                           l1733 059A                             l1653 0727                             l1645 0714  
                           l1637 06F7                             l1629 06E5                             l1709 073A  
                           l1565 0463                             l1741 003C                             l1717 0EAD  
                           l1661 0F74                             l1805 0521                             l1813 0542  
                           l1821 07E6                             l1901 03BF                             l1575 0ED0  
                           l1727 055D                             l1719 0551                             l1655 072C  
                           l1647 0715                             l1639 06F9                             l1567 04A4  
                           l1559 0425                             l1583 0790                             l1751 0063  
                           l1735 0023                             l1671 0F8A                             l1663 0F7A  
                           l1807 052F                             l1831 07F6                             l1823 07EC  
                           l1815 0E9B                             l1911 03E7                             l1903 03C6  
                           l1577 0ED4                             l1729 0587                             l1649 071C  
                           l1569 04B6                             l1593 07CD                             l1585 07B2  
                           l1753 0084                             l1761 00DD                             l1745 0046  
                           l1737 002B                             l1817 0E87                             l1673 0F9B  
                           l1665 0F7D                             l1681 0FAF                             l1809 0536  
                           l1833 07F7                             l1825 07EE                             l1841 05E5  
                           l1921 040C                             l1913 03EB                             l1905 03D1  
                           l1579 0EDB                             l1587 07B8                             l1771 01BD  
                           l1763 0134                             l1755 0095                             l1747 0053  
                           l1739 0036                             l1675 0FA1                             l1667 0F84  
                           l1659 0F72                             l1691 0F4A                             l1827 07F2  
                           l1819 07E0                             l1835 05C4                             l1843 0EE2  
                           l1923 0413                             l1915 03F6                             l1907 03D8  
                           l1851 0290                             l1773 0224                             l1765 013E  
                           l1757 00A3                             l1749 005B                             l1677 0FA2  
                           l1669 0F86                             l1693 0F4C                             l1685 0F3A  
                           l1781 04C3                             l1829 07F5                             l1597 0E90  
                           l1837 05C7                             l1917 03FA                             l1909 03DC  
                           l1861 02BF                             l1853 0294                             l1775 0278  
                           l1759 00CF                             l1679 0FA9                             l1695 0F50  
                           l1687 0F40                             l1791 04E6                             l1783 04C9  
                           l1599 0E96                             l1839 05DF                             l1919 0405  
                           l1871 0317                             l1863 02C8                             l1855 029B  
                           l1847 0283                             l1769 0143                             l1697 0F5A  
                           l1689 0F43                             l1793 04EE                             l1785 04CE  
                           l1873 031E                             l1865 02D2                             l1857 02AD  
                           l1849 028A                             l1699 0F60                             l1795 04FF  
                           l1779 04BF                             l1891 0377                             l1875 0327  
                           l1867 02DF                             l1859 02B8                             l1797 0505  
                           l1789 04D2                             l1893 0392                             l1885 033A  
                           l1869 030D                             l1877 032E                             l1799 050C  
                           l1895 039B                             l1887 0364                             l1879 0338  
                           l1897 039D                             l1889 036A                             l1899 03AE  
                           STR_1 0614                             STR_2 0640                             STR_3 062D  
                           STR_4 065B                             STR_5 0651                             STR_6 0663  
                           _BRGH 04C2                             _CREN 00C4                             u2000 030D  
                           u2001 030C                             u2011 0356                             u2003 0309  
                           u2020 0377                             u2012 035D                             u2021 0376  
                           u2013 0364                             u2030 039B                             u2031 039A  
                           u2040 03E7                             u2041 03E6                             u2025 0373  
                           u1410 068C                             u2050 03F6                             u1411 068B  
                           u2051 03F5                             u1405 067F                             u1510 0EDB  
                           u1430 06A7                             u1511 0EDA                             u1431 06A6  
                           u1600 06D3                             u1520 07B2                             u1505 0EC8  
                           u1425 068E                             u1601 06D2                             u1521 07B1  
                           u1450 06C5                             u1610 06DE                             u1530 07B8  
                           u1451 06C4                             u1435 06A3                             u1611 06DD  
                           u1531 07B7                             u2067 041B                             u1620 06ED  
                           u1460 043E                             u1700 0F7A                             u1540 0E96  
                           u2077 0ED2                             u1445 06B7                             u1621 06EC  
                           u1461 043F                             u1701 0F79                             u1541 0E95  
                           u1390 067A                             u1550 0FC2                             u1470 044F  
                           u1462 0444                             u1391 0679                             u1551 0FC1  
                           u1463 0445                             u1640 06FD                             u1480 0499  
                           u1720 0F8A                             u1800 0F5A                             u1641 06FC  
                           u1561 0FCD                             u1721 0F89                             u1801 0F59  
                           u1562 0FD4                             u1490 04B6                             u1635 06F1  
                           u1563 0FDB                             u1491 04B5                             u1475 044A  
                           u1715 0F7E                             u1660 070E                             u1900 013E  
                           u1740 0F9B                             u1820 0F6D                             u1661 070D  
                           u1485 0494                             u1901 013D                             u1741 0F9A  
                           u1821 0F6C                             u1805 0F56                             u1590 0FF5  
                           u1910 04C9                             u1831 0579                             u1655 06FE  
                           u1591 0FF4                             u1575 0FDD                             u1495 04B2  
                           u1735 0F8B                             u1815 0F61                             u1911 04C8  
                           u1840 059A                             u1832 0580                             u1680 0722  
                           u1760 0FAF                             u1920 0505                             u1841 0599  
                           u1833 0587                             u1681 0721                             u1665 070A  
                           u1585 0FE5                             u1761 0FAE                             u1745 0F97  
                           u1921 0504                             u1690 0727                             u1850 002B  
                           u1770 0F40                             u1930 0550                             u1691 0726  
                           u1675 0716                             u1851 002A                             u1755 0FA3  
                           u1771 0F3F                             u1931 054F                             u1860 003C  
                           u1940 07E6                             u1845 0596                             u1861 003B  
                           u1941 07E5                             u1790 0F50                             u1950 07EC  
                           u1871 00C1                             u1791 0F4F                             u1935 054C  
                           u1951 07EB                             u1872 00C8                             u1960 05D1  
                           u1881 00F7                             u1873 00CF                             u1785 0F44  
                           u1890 0134                             u1882 00FA                             u1970 05EF  
                           u1891 0133                             u1883 0101                             u1884 0104  
                           u1980 05FF                             u1885 010B                             u1981 05FE  
                           u1886 010E                             u1895 0130                             u1991 02EE  
                           u1992 02EF                             u1993 02F4                             u1994 02F5  
                           u1995 02FA                             u1996 02FB                             _TMR0 0001  
                           _SPEN 00C7                             _TRMT 04C1                             _TXEN 04C5  
                           _SYNC 04C4                             _main 0283                       IntToText@i 0024  
                     IntToText@n 0021          ACS712_ReadAC@start_time 00A0                             btemp 007E  
               __end_of_ADC_Init 0E8F                 __end_of_ADC_Read 0EE2                             start 000B  
             ACS712_ReadAC@count 00C0          __end_of_UART_Write_Text 0600                            ??_ISR 0070  
                          ?_main 0070                  __end_of___awdiv 0731                            _ANSEL 009B  
                __end_of___lldiv 06CE                  ___awdiv@divisor 0072               ACS712_Init@adc_res 0025  
                __end_of___lwdiv 0FB4                            i1l192 0F33                  __end_of___lwmod 0F72  
                ___awdiv@counter 0076                            _SPBRG 0099                            _TXREG 0019  
             ACS712_Init@channel 0022              ___lmul@multiplicand 0076                      ?_UART_Write 0070  
                ??_ACS712_ReadAC 0046                            _isqrt 0425                            main@i 006A  
                          pclath 000A              ACS712_ReadAC@avg_sq 00A8                            status 0003  
                          wtemp0 007E              ACS712_ReadAC@sample 00C4              ACS712_ReadAC@sensor 0043  
    ACS712_SetSensitivity@sensor 0072                  __initialization 000D                     __end_of_main 0425  
        ??_ACS712_SetSensitivity 0076                           ??_main 004E                    main@amps_frac 006C  
                         _ADCON0 001F                           _ADCON1 009F                           _ADRESH 001E  
                         _ADRESL 009E                           ?_isqrt 0033                 ___awdiv@dividend 0074  
                         i1l1531 0F12                           i1l1533 0F23                           i1l1525 0F07  
                         i1l1527 0F0B                           i1l1529 0F0C                           u137_20 0F0B  
                         u137_21 0F0A                           u138_20 0F12                           u138_21 0F11  
                         _OSCCON 008F                           _TMR0IE 005D                           _TMR0IF 005A  
              __end_of_UART_Init 0EAD                           ___lmul 0FB4                        ??___awdiv 0076  
               ?_UART_Write_Text 0073                        ??___lldiv 002D                        ??___lwdiv 0076  
                      ??___lwmod 0076                  ADC_Read@channel 0075                     IntToText@end 0028  
                   IntToText@buf 0020                           _micros 0790                           _millis 0EE2  
               ___awdiv@quotient 0078              ACS712_Init@v_ref_mv 0023                     __pdataCOMMON 007B  
                      ?_ADC_Init 0070                        ?_ADC_Read 0072                           isqrt@n 0033  
                         isqrt@x 003F                           isqrt@y 003B                           saved_w 007E  
        __end_of__initialization 0020             ACS712_ReadAC@rms_adc 00AC                 _ACS712_Calibrate 0551  
        main@calibrationInterval 0610                   __pcstackCOMMON 0070                    ??_ACS712_Init 0027  
                  __end_of_isqrt 04BF                __end_of_IntToText 0551                       ??_ADC_Init 0072  
                     ??_ADC_Read 0074                          ??_isqrt 0037                       __pbssBANK1 00C8  
             main@previousMillis 005E                __end_of_Time_Init 07F9                   main@amps_whole 005C  
                     __pmaintext 0283                          ?___lmul 0072                       __pintentry 0004  
                        ?_micros 0072                   ___lmul@product 0020                          ?_millis 0033  
            __end_of_ACS712_Init 0790                     ??_UART_Write 0072                ACS712_Calibrate@i 003D  
                     __stringtab 0600                          ___awdiv 06CE                          ___lldiv 0668  
             __end_of_UART_Write 0E9B                          ___lwdiv 0F72                          ___lwmod 0F3A  
                        __ptext1 0EE2                          __ptext2 05C4                          __ptext3 0E8F  
                        __ptext4 0E9B                          __ptext5 07DF                          __ptext6 04BF  
                        __ptext7 0F3A                          __ptext8 0F72                          __ptext9 0E87  
  __end_of_ACS712_SetSensitivity 0EC0                    IntToText@temp 0023               micros@tmr_snapshot 0024  
          __end_of_ACS712_ReadAC 0283             end_of_initialization 0020                  ___lldiv@divisor 0025  
                ___lldiv@counter 0032                      _ACS712_Init 0731                        _UART_Init 0E9B  
__end_ofmain@calibrationInterval 0614                   UART_Write@data 0072         __end_of_ACS712_Calibrate 05C4  
                      _TRISAbits 0085                        _TRISBbits 0086                 _current_freq_mhz 007B  
               micros@micros_now 0020                       main@buffer 0052                       main@ma_val 006E  
                     main@sum_ma 0062                ACS712_ReadAC@zero 00A4      ACS712_ReadAC@voltage_rms_mv 00B0  
                 __end_of___lmul 1000                       ?_UART_Init 0070                    __pidataCOMMON 07F9  
                 __end_of_micros 07DF                   __end_of_millis 0F07                ACS712_Init@sensor 0020  
            start_initialization 000D                      __end_of_ISR 0F3A                        _IntToText 04BF  
                      _Time_Init 07DF   ACS712_SetSensitivity@sens_mv_a 0074                         ??___lmul 007A  
                       ??_micros 0076                         ??_millis 007B                        ___latbits 0001  
                  __pcstackBANK0 0020                    __pcstackBANK1 00A0                       ?_IntToText 0020  
               ___lwdiv@dividend 0074                       ?_Time_Init 0070                         ?___awdiv 0072  
                       ?___lldiv 0025                         ?___lwdiv 0072                         ?___lwmod 0072  
       ACS712_ReadAC@accumulator 00B8                      ??_UART_Init 0072                        __pstrings 0600  
                       _ADC_Init 0E87                         _ADC_Read 0EC0                 ___lwdiv@quotient 0077  
              ??_UART_Write_Text 0075                interrupt_function 0004                     Time_Init@mhz 0072  
                 _micros_counter 00C8                     ?_ACS712_Init 0020                       _ADCON0bits 001F  
                    __stringbase 060F            _ACS712_SetSensitivity 0EAD                ?_ACS712_Calibrate 0033  
                    ??_IntToText 0079               ??_ACS712_Calibrate 0035                ___lmul@multiplier 0072  
         ACS712_Calibrate@sensor 0033                      ??_Time_Init 0072      ACS712_Calibrate@accumulator 0039  
             __end_of__stringtab 0610                  ___lwdiv@divisor 0072                  ___lwdiv@counter 0076  
                       __ptext10 0EAD                         __ptext11 0023                         __ptext20 0F07  
                       __ptext12 0790                         __ptext13 0425                         __ptext14 0FB4  
                       __ptext15 0731                         __ptext16 06CE                         __ptext17 0551  
                       __ptext18 0668                         __ptext19 0EC0              UART_Write_Text@text 0073  
                 IntToText@start 0026                         _mySensor 00CC           ?_ACS712_SetSensitivity 0072  
                       intlevel1 0000                    _ACS712_ReadAC 0023                 ___lwmod@dividend 0074  
               ___lldiv@dividend 0029                        stringcode 060A          ACS712_ReadAC@current_mA 00B4  
                _UART_Write_Text 05C4                       _OPTION_REG 0081                 ___lldiv@quotient 002E  
                ___lwmod@divisor 0072                  ___lwmod@counter 0076                         stringdir 060A  
                       stringtab 0600                       _UART_Write 0E8F           ACS712_ReadAC@frequency 0045  
                 ?_ACS712_ReadAC 0043                 UART_Write_Text@i 0078           ACS712_ReadAC@period_us 00BC  
